State,District,Year,Black pepper,,,Coconut,,,Sugarcane,,,Tobacco,,,Dry chillies,,,Onion,,,Arecanut,,,Banana,,,Coriander,,,Potato,,,Sweet potato,,,Turmeric,,,Bhindi,,,Brinjal,,,Citrus Fruit,,,Cucumber,,,Grapes,,,Mango,,,Orange,,,Other Fresh Fruits,,,Other Vegetables,,,Papaya,,,Pome Fruit,,,Tomato,,,Sunflower,,,Cashewnut,,,Tapioca,,,Cabbage,,,Peas (vegetable),,,Bottle Gourd,,,Ginger,,,Sannhamp,,,Garlic,,
,,,Whole Year,,,Whole Year,,,Whole Year,,,Whole Year,,,Whole Year,,,Whole Year,,,Whole Year,,,Whole Year,,,Whole Year,,,Whole Year,,,Whole Year,,,Whole Year,,,Whole Year,,,Whole Year,,,Whole Year,,,Whole Year,,,Whole Year,,,Whole Year,,,Whole Year,,,Whole Year,,,Whole Year,,,Whole Year,,,Whole Year,,,Whole Year,,,Whole Year,,,Whole Year,,,Whole Year,,,Whole Year,,,Whole Year,,,Whole Year,,,Whole Year,,,Whole Year,,,Whole Year,,
,,,Area (Hectare),Production (Tonnes),Yield (Tonne/Hectare),Area (Hectare),Production (Nuts),Yield (Nuts/Hectare),Area (Hectare),Production (Tonnes),Yield (Tonne/Hectare),Area (Hectare),Production (Tonnes),Yield (Tonne/Hectare),Area (Hectare),Production (Tonnes),Yield (Tonne/Hectare),Area (Hectare),Production (Tonnes),Yield (Tonne/Hectare),Area (Hectare),Production (Tonnes),Yield (Tonne/Hectare),Area (Hectare),Production (Tonnes),Yield (Tonne/Hectare),Area (Hectare),Production (Tonnes),Yield (Tonne/Hectare),Area (Hectare),Production (Tonnes),Yield (Tonne/Hectare),Area (Hectare),Production (Tonnes),Yield (Tonne/Hectare),Area (Hectare),Production (Tonnes),Yield (Tonne/Hectare),Area (Hectare),Production (Tonnes),Yield (Tonne/Hectare),Area (Hectare),Production (Tonnes),Yield (Tonne/Hectare),Area (Hectare),Production (Tonnes),Yield (Tonne/Hectare),Area (Hectare),Production (Tonnes),Yield (Tonne/Hectare),Area (Hectare),Production (Tonnes),Yield (Tonne/Hectare),Area (Hectare),Production (Tonnes),Yield (Tonne/Hectare),Area (Hectare),Production (Tonnes),Yield (Tonne/Hectare),Area (Hectare),Production (Tonnes),Yield (Tonne/Hectare),Area (Hectare),Production (Tonnes),Yield (Tonne/Hectare),Area (Hectare),Production (Tonnes),Yield (Tonne/Hectare),Area (Hectare),Production (Tonnes),Yield (Tonne/Hectare),Area (Hectare),Production (Tonnes),Yield (Tonne/Hectare),Area (Hectare),Production (Tonnes),Yield (Tonne/Hectare),Area (Hectare),Production (Tonnes),Yield (Tonne/Hectare),Area (Hectare),Production (Tonnes),Yield (Tonne/Hectare),Area (Hectare),Production (Tonnes),Yield (Tonne/Hectare),Area (Hectare),Production (Tonnes),Yield (Tonne/Hectare),Area (Hectare),Production (Tonnes),Yield (Tonne/Hectare),Area (Hectare),Production (Tonnes),Yield (Tonne/Hectare),Area (Hectare),Production (Tonnes),Yield (Tonne/Hectare),Area (Hectare),Production (Tonnes),Yield (Tonne/Hectare)
1. Andhra Pradesh,1. Alluri sitharama raju,2022 - 2023,382,235,0.62,23,421000,18304.35,,,,,,,,,,,,,,,,,,,,,,,,,,,,,,,,,,,,,,,,,,,,,,,,,,,,,,,,,,,,,,,,,,,,,,,,,,,,,,,,,,,,,,,,,,,,,
,2. Anakapalli,2022 - 2023,,,,7593,100425000,13226,,,,,,,,,,,,,,,,,,,,,,,,,,,,,,,,,,,,,,,,,,,,,,,,,,,,,,,,,,,,,,,,,,,,,,,,,,,,,,,,,,,,,,,,,,,,,
,3. Anantapur,1998 - 1999,,,,,,,700,65900,94.14,100,100,1,,,,,,,,,,,,,,,,,,,,,,,,,,,,,,,,,,,,,,,,,,,,,,,,,,,,,,,,,,,,,,,,,,,,,,,,,,,,,,,,,,,,,,,
,,1999 - 2000,,,,,,,884,83126,94.03,,,,5199,5759,1.11,1770,32364,18.28,,,,,,,,,,,,,,,,,,,,,,,,,,,,,,,,,,,,,,,,,,,,,,,,,,,,,,,,,,,,,,,,,,,,,,,,,,,,,,,,,
,,2000 - 2001,,,,908,3896970,4291.82,284,25395,89.42,89,114,1.28,,,,,,,252,696,2.76,769,11693,15.21,8953,2266,0.25,4,34,8.5,28,379,13.54,39,272,6.97,,,,,,,,,,,,,,,,,,,,,,,,,,,,,,,,,,,,,,,,,,,,,,,,,,,,,,,,,,,,,,,
,,2001 - 2002,,,,851,3053700,3588.37,490,42470,86.67,111,111,1,,,,,,,257,430,1.67,1582,462,0.29,4741,1119,0.24,,,,31,411,13.26,8,40,5,,,,,,,,,,,,,,,,,,,,,,,,,,,,,,,,,,,,,,,,,,,,,,,,,,,,,,,,,,,,,,,
,,2002 - 2003,,,,869,3691149,4247.58,329,22481,68.33,51,90,1.76,,,,,,,263,379,1.44,19,1006,52.95,3914,481,0.12,2,17,8.5,50,540,10.8,,,,126,938,7.44,1026,10162,9.9,788,4000,5.08,18,0,0,111,2075,18.69,3968,26176,6.6,13767,112541,8.17,2418,1552,0.64,1767,0,0,1544,201409,130.45,1207,62789,52.02,3356,16627,4.95,,,,,,,,,,,,,,,,,,,,,,,,,,,
,,2003 - 2004,,,,839,3285828,3916.36,454,32386,71.33,20,25,1.25,,,,,,,266,189,0.71,36,1302,36.17,5646,610,0.11,,,,30,217,7.23,,,,101,873,8.64,1129,19414,17.2,706,11959,16.94,51,0,0,118,2048,17.36,3935,58337,14.83,13441,224640,16.71,3241,3586,1.11,1783,0,0,1381,60038,43.47,1466,83767,57.14,2827,17509,6.19,,,,,,,,,,,,,,,,,,,,,,,,,,,
,,2004 - 2005,,,,837,6413350,7662.31,400,34072,85.18,49,53,1.08,,,,,,,,,,324,16897,52.15,2439,290,0.12,2,20,10,33,68,2.06,4,36,9,,,,,,,,,,,,,,,,,,,,,,,,,,,,,,,,,,,,,,,,,,,,,,,,,,,,,,,,,,,,,,,
,,2005 - 2006,,,,836,3358992,4017.93,227,20612,90.8,1,1,1,,,,,,,268,214,0.8,303,16231,53.57,2962,900,0.3,,,,23,121,5.26,2,15,7.5,,,,,,,,,,,,,,,,,,,,,,,,,,,,,,,,,,,,,48677,8401,0.17,,,,,,,,,,,,,,,,,,,,,,,,
,,2006 - 2007,,,,790,6404076,8106.43,339,30937,91.26,,,,,,,,,,217,150,0.69,289,14141,48.93,1389,385,0.28,,,,25,137,5.48,1,8,8,,,,,,,,,,,,,,,,,,,,,,,,,,,,,,,,,,,,,60751,23561,0.39,,,,,,,,,,,,,,,,,,,,,,,,
,,2008 - 2009,,,,786,7141464,9085.83,131,12305,93.93,99,158,1.6,,,,,,,325,232,0.71,3603,160939,44.67,3766,1288,0.34,,,,,,,4,40,10,,,,,,,,,,,,,,,,,,,,,,,,,,,,,,,,,,,,,42268,26305,0.62,,,,,,,,,,,,,,,,,,,,,,,,
,,2009 - 2010,,,,725,4247685,5858.88,112,9968,89,700,1179,1.68,,,,,,,356,169,0.47,5010,265981,53.09,4470,1797,0.4,,,,13,77,5.92,,,,,,,,,,,,,,,,,,,,,,,,,,,,,,,,,,,,,,,,55286,33503,0.61,,,,,,,,,,,,,,,,,,,,,,,,
,,2010 - 2011,,,,786,6856000,8722.65,235,20981,89.28,174,282,1.62,,,,,,,409,182,0.44,4416,223825,50.69,5323,3604,0.68,21,236,11.24,4,51,12.75,13,102,7.85,,,,,,,,,,,,,,,,,,,,,,,,,,,,,,,,,,,,,17615,14072,0.8,,,,,,,,,,,,,,,,,,,,,,,,
,,2011 - 2012,,,,895,7165320,8005.94,410,39186,95.58,140,226,1.61,,,,,,,541,267,0.49,8000,505176,63.15,2399,1327,0.55,18,181,10.06,2,26,13,321,2645,8.24,,,,,,,,,,,,,,,,,,,,,,,,,,,,,,,,,,,,,13277,12094,0.91,,,,,,,,,,,,,,,,,,,,,,,,
,,2012 - 2013,,,,646,5571000,8623.84,,,,,,,,,,,,,,,,,,,,,,,,,,,,,,,,,,,,,,,,,,,,,,,,,,,,,,,,,,,,,,,,,,,,,,,,,,,,,,,,,,,,,,,,,,,,,
,,2013 - 2014,,,,552,3969000,7190.22,281,26505,94.32,,,,,,,,,,,,,8661,483881,55.87,,,,,,,,,,,,,,,,,,,,,,,,,,,,,,,,,,,,,,,,,,,,,,,,,,,,,,,,,,,,,,,,,,,,,,,,,,,
,,2014 - 2015,,,,687,5600000,8151.38,30,2456,81.87,,,,,,,,,,,,,7634,423885,55.53,,,,,,,,,,,,,,,,,,,,,,,,,,,,,,,,,,,,,,,,,,,,,,,,,,,,,,,,,,,,,,,,,,,,,,,,,,,
,,2015 - 2016,,,,699,5600000,8011.44,77,6359,82.58,,,,,,,,,,,,,8681,539507,62.15,,,,,,,,,,,,,,,,,,,,,,,,,,,,,,,,,,,,,,,,,,,,,,,,,,,,,,,,,,,,,,,,,,,,,,,,,,,
,,2016 - 2017,,,,347,4800000,13832.85,95,9500,100,,,,,,,,,,,,,8389,570418,68,,,,,,,,,,,,,,,,,,,,,,,,,,,,,,,,,,,,,,,,,,,,,,,,,,,,,,,,,,,,,,,,,,,,,,,,,,,
,,2017 - 2018,,,,556,8600000,15467.63,86,8981,104.43,,,,,,,,,,,,,7310,919548,125.79,,,,,,,,,,,,,,,,,,,,,,,,,,,,,,,,,,,,,,,,,,,,,,,,,,,,,,,,,,,,,,,,,,,,,,,,,,,
,,2018 - 2019,,,,448,7700000,17187.5,,,,,,,,,,,,,,,,8835,939960,106.39,,,,,,,,,,,,,,,,,,,,,,,,,,,,,,,,,,,,,,,,,,,,,,,,,,,,,,,,,,,,,,,,,,,,,,,,,,,
,,2019 - 2020,5,5,1,358,6588000,18402.23,,,,,,,,,,,,,,,,15116,906960,60,,,,,,,,,,,,,,,,,,,,,,,,,,,,,,,,,,,,,,,,,,,,,,,,,,,,,,,,,,,,,,,,,,,,,,,,,,,
,,2020 - 2021,,,,417,7298000,17501.2,,,,,,,,,,,,,,,,,,,,,,,,,,,,,,,,,,,,,,,,,,,,,,,,,,,,,,,,,,,,,,,,,,,,,,,,,,,,,,,,,,,,,,,,,,,,,
,,2021 - 2022,,,,422,7749000,18362.56,,,,,,,,,,,,,,,,,,,,,,,,,,,,,,,,,,,,,,,,,,,,,,,,,,,,,,,,,,,,,,,,,,,,,,,,,,,,,,,,,,,,,,,,,,,,,
,,2022 - 2023,,,,122,2235000,18319.67,,,,,,,,,,,,,,,,,,,,,,,,,,,,,,,,,,,,,,,,,,,,,,,,,,,,,,,,,,,,,,,,,,,,,,,,,,,,,,,,,,,,,,,,,,,,,
,4. Annamayya,2022 - 2023,,,,265,4855000,18320.75,,,,,,,,,,,,,,,,,,,,,,,,,,,,,,,,,,,,,,,,,,,,,,,,,,,,,,,,,,,,,,,,,,,,,,,,,,,,,,,,,,,,,,,,,,,,,
,5. Bapatla,2022 - 2023,,,,72,1319000,18319.44,,,,,,,,,,,,,,,,,,,,,,,,,,,,,,,,,,,,,,,,,,,,,,,,,,,,,,,,,,,,,,,,,,,,,,,,,,,,,,,,,,,,,,,,,,,,,
,6. Chittoor,1998 - 1999,,,,,,,34500,3377000,97.88,,,,,,,,,,,,,,,,,,,,,,,,,,,,,,,,,,,,,,,,,,,,,,,,,,,,,,,,,,,,,,,,,,,,,,,,,,,,,,,,,,,,,,,,,,
,,1999 - 2000,,,,,,,44929,4097998,91.21,17,17,1,3370,4968,1.47,548,8149,14.87,,,,,,,,,,,,,,,,,,,,,,,,,,,,,,,,,,,,,,,,,,,,,,,,,,,,,,,,,,,,,,,,,,,,,,,,,,,,,,,,,
,,2000 - 2001,,,,4011,17215660,4292.11,40539,3697441,91.21,14,13,0.93,,,,,,,,,,953,19033,19.97,60,19,0.32,957,8177,8.54,163,2203,13.52,89,620,6.97,,,,,,,,,,,,,,,,,,,,,,,,,,,,,,,,,,,,,,,,126,27,0.21,1,8,8,,,,,,,,,,,,,,,,,,
,,2001 - 2002,,,,4133,14827800,3587.66,38789,3337250,86.04,33,38,1.15,,,,,,,,,,1005,7156,7.12,51,18,0.35,1024,9447,9.23,188,2495,13.27,69,341,4.94,,,,,,,,,,,,,,,,,,,,,,,,,,,,,,,,,,,,,,,,126,34,0.27,,,,,,,,,,,,,,,,,,,,,
,,2002 - 2003,,,,4296,17209269,4005.88,39436,2684685,68.08,66,107,1.62,,,,,,,,,,960,50841,52.96,86,24,0.28,1126,9776,8.68,160,1739,10.87,76,247,3.25,340,2533,7.45,1784,18027,10.1,232,1172,5.05,8,0,0,36,673,18.69,47834,335015,7,4,39,9.75,114,153,1.34,918,0,0,39,5087,130.44,66,3411,51.68,16838,139087,8.26,,,,121,15,0.12,,,,4,0,0,1,0,0,,,,,,,,,,,,
,,2003 - 2004,,,,4294,16827552,3918.85,26845,1881888,70.1,2,3,1.5,,,,,,,,,,587,21222,36.15,119,31,0.26,1291,12045,9.33,177,1280,7.23,60,417,6.95,382,3041,7.96,1664,18271,10.98,221,3750,16.97,1,0,0,32,555,17.34,48572,234579,4.83,6,96,16,459,149,0.32,686,0,0,17,1544,90.82,69,3933,57,19636,180151,9.17,,,,124,33,0.27,,,,73,0,0,,,,,,,,,,,,,,,
,,2004 - 2005,,,,4165,31934060,7667.24,21928,1865393,85.07,4,4,1,,,,,,,,,,586,30560,52.15,125,30,0.24,1892,18727,9.9,211,434,2.06,88,794,9.02,,,,,,,,,,,,,,,,,,,,,,,,,,,,,,,,,,,,,,,,119,25,0.21,,,,,,,,,,,,,,,,,,,,,
,,2005 - 2006,,,,3914,15729168,4018.69,22453,1972429,87.85,7,7,1,,,,,,,,,,468,25070,53.57,110,49,0.45,1312,12841,9.79,249,1102,4.43,52,394,7.58,,,,,,,,,,,,,,,,,,,,,,,,,,,,,,,,,,,,,2445,1436,0.59,119,32,0.27,,,,,,,,,,,,,,,,,,,,,
,,2006 - 2007,,,,4307,34924554,8108.79,37965,3496956,92.11,114,134,1.18,,,,,,,,,,556,27205,48.93,155,52,0.34,1429,12086,8.46,246,1351,5.49,81,635,7.84,,,,,,,,,,,,,,,,,,,,,,,,,,,,,,,,,,,,,5492,3852,0.7,117,31,0.26,,,,,,,,,,,,,,,,,,,,,
,,2007 - 2008,,,,,,,30000,2819000,93.97,,,,,,,,,,,,,,,,,,,,,,,,,,,,,,,,,,,,,,,,,,,,,,,,,,,,,,,,,,,,,,,,,,,,,,,,,,,,,,,,,,,,,,,,,,
,,2008 - 2009,,,,3915,35594856,9091.92,26916,2263880,84.11,225,359,1.6,,,,,,,,,,708,22390,31.62,102,42,0.41,1374,12392,9.02,110,628,5.71,64,646,10.09,,,,,,,,,,,,,,,,,,,,,,,,,,,,,,,,,,,,,3183,2015,0.63,90,26,0.29,3,37,12.33,,,,,,,,,,,,,,,,,,
,,2009 - 2010,,,,3893,22798170,5856.2,27193,2261081,83.15,301,508,1.69,,,,,,,,,,769,40826,53.09,125,64,0.51,1402,12099,8.63,226,1332,5.89,32,387,12.09,,,,,,,,,,,,,,,,,,,,,,,,,,,,,,,,,,,,,3280,2647,0.81,98,29,0.3,10,131,13.1,,,,,,,,,,,,,,,,,,
,,2010 - 2011,,,,3837,33444000,8716.18,27719,2311342,83.38,130,229,1.76,,,,,,,,,,923,46782,50.68,113,77,0.68,1138,10817,9.51,239,3062,12.81,47,369,7.85,,,,,,,,,,,,,,,,,,,,,,,,,,,,,,,,,,,,,1048,578,0.55,100,24,0.24,15,99,6.6,,,,,,,,,,,,,,,,,,
,,2011 - 2012,,,,3663,29376960,8019.92,28405,2577106,90.73,51,82,1.61,,,,,,,,,,886,55948,63.15,74,43,0.58,1151,15206,13.21,288,3490,12.12,31,255,8.23,,,,,,,,,,,,,,,,,,,,,,,,,,,,,,,,,,,,,1342,927,0.69,76,19,0.25,10,100,10,,,,,,,,,,,,,,,,,,
,,2012 - 2013,,,,3351,28899000,8623.99,28000,2492000,89,,,,,,,,,,,,,,,,,,,,,,,,,,,,,,,,,,,,,,,,,,,,,,,,,,,,,,,,,,,,,,,,,,,,,,,,,,,,,,,,,,,,,,,,,,
,,2013 - 2014,,,,2760,19847000,7190.94,28152,2562925,91.04,,,,,,,,,,,,,910,50203,55.17,,,,,,,,,,,,,,,,,,,,,,,,,,,,,,,,,,,,,,,,,,,,,,,,,,,,,,,,,,,,,,,,,,,,,,,,,,,
,,2014 - 2015,,,,3465,41600000,12005.77,26147,2066986,79.05,,,,,,,,,,,,,911,49174,53.98,,,,,,,,,,,,,,,,,,,,,,,,,,,,,,,,,,,,,,,,,,,,,,,,,,,,,,,,,,,,,,,,,,,,,,,,,,,
,,2015 - 2016,,,,3465,46800000,13506.49,20831,1682300,80.76,,,,,,,,,,,,,839,54301,64.72,,,,,,,,,,,,,,,,,,,,,,,,,,,,,,,,,,,,,,,,,,,,,,,,,,,,,,,,,,,,,,,,,,,,,,,,,,,
,,2016 - 2017,,,,3465,47800000,13795.09,18214,1599699,87.83,,,,,,,,,,,,,720,50139,69.64,,,,,,,,,,,,,,,,,,,,,,,,,,,,,,,,,,,,,,,,,,,,,,,,,,,,,,,,,,,,,,,,,,,,,,,,,,,
,,2017 - 2018,,,,2752,38700000,14062.5,18177,1737420,95.58,,,,,,,,,,,,,684,136380,199.39,,,,,,,,,,,,,,,,,,,,,,,,,,,,,,,,,,,,,,,,,,,,,,,,,,,,,,,,,,,,,,,,,,,,,,,,,,,
,,2018 - 2019,,,,2501,45500000,18192.72,,,,,,,,,,,,,,,,568,143040,251.83,,,,,,,,,,,,,,,,,,,,,,,,,,,,,,,,,,,,,,,,,,,,,,,,,,,,,,,,,,,,,,,,,,,,,,,,,,,
,,2019 - 2020,,,,2360,21606000,9155.08,,,,,,,,,,,,,,,,2384,143040,60,,,,,,,,,,,,,,,,,,,,,,,,,,,,,,,,,,,,,,,,,,,,,,,,,,,,,,,,,,,,,,,,,,,,,,,,,,,
,,2020 - 2021,,,,1996,26698000,13375.75,,,,,,,,,,,,,,,,,,,,,,,,,,,,,,,,,,,,,,,,,,,,,,,,,,,,,,,,,,,,,,,,,,,,,,,,,,,,,,,,,,,,,,,,,,,,,
,,2021 - 2022,,,,1972,26383000,13378.8,,,,,,,,,,,,,,,,,,,,,,,,,,,,,,,,,,,,,,,,,,,,,,,,,,,,,,,,,,,,,,,,,,,,,,,,,,,,,,,,,,,,,,,,,,,,,
,,2022 - 2023,,,,1568,28727000,18320.79,,,,,,,,,,,,,,,,,,,,,,,,,,,,,,,,,,,,,,,,,,,,,,,,,,,,,,,,,,,,,,,,,,,,,,,,,,,,,,,,,,,,,,,,,,,,,
,7. East godavari,1998 - 1999,,,,,,,16400,1254900,76.52,7000,15900,2.27,,,,,,,,,,,,,,,,,,,,,,,,,,,,,,,,,,,,,,,,,,,,,,,,,,,,,,,,,,,,,,,,,,,,,,,,,,,,,,,,,,,,,,,
,,1999 - 2000,,,,,,,15657,1425465,91.04,8877,10182,1.15,1825,3246,1.78,252,4118,16.34,,,,,,,,,,,,,,,,,,,,,,,,,,,,,,,,,,,,,,,,,,,,,,,,,,,,,,,,,,,,,,,,,,,,,,,,,,,,,,,,,
,,2000 - 2001,,,,48237,588584535,12201.93,14772,1313615,88.93,5654,9185,1.62,,,,,,,6,17,2.83,11043,124386,11.26,121,90,0.74,,,,60,811,13.52,282,1266,4.49,,,,,,,,,,,,,,,,,,,,,,,,,,,,,,,,,,,,,,,,33588,4608,0.14,20435,159148,7.79,,,,,,,,,,,,,,,,,,
,,2001 - 2002,,,,48515,629772990,12981,14255,1282665,89.98,9071,14429,1.59,,,,,,,7,12,1.71,10258,122822,11.97,32,25,0.78,,,,60,797,13.28,239,1033,4.32,,,,,,,,,,,,,,,,,,,,,,,,,,,,,,,,,,,,,,,,34634,5151,0.15,16781,140038,8.35,,,,,,,,,,,,,,,,,,
,,2002 - 2003,,,,49479,685943720,13863.33,15425,1269570,82.31,4577,12632,2.76,,,,,,,7,10,1.43,7949,116270,14.63,30,17,0.57,,,,75,810,10.8,265,1421,5.36,717,13947,19.45,1889,21378,11.32,852,3785,4.44,35,0,0,,,,18957,92583,4.88,975,17315,17.76,224,962,4.29,3142,0,0,11,1435,130.45,391,5887,15.06,681,4557,6.69,,,,34227,975,0.03,12264,74651,6.09,116,0,0,,,,44,0,0,,,,,,,,,
,,2003 - 2004,,,,48854,683171460,13983.94,16285,1397774,85.83,6672,20151,3.02,,,,,,,6,4,0.67,9547,67488,7.07,51,39,0.76,,,,53,383,7.23,222,1370,6.17,1060,11486,10.84,2783,66647,23.95,896,4738,5.29,32,0,0,,,,19181,47363,2.47,1015,15401,15.17,257,1106,4.3,3205,0,0,31,2815,90.81,361,4373,12.11,738,7088,9.6,,,,34019,3304,0.1,18768,117826,6.28,99,0,0,,,,116,0,0,,,,,,,,,
,,2004 - 2005,,,,49381,674125653,13651.52,15965,1356801,84.99,4881,6777,1.39,,,,,,,,,,10324,96684,9.36,22,14,0.64,,,,60,549,9.15,416,3363,8.08,,,,,,,,,,,,,,,,,,,,,,,,,,,,,,,,,,,,,,,,33657,2902,0.09,19300,142087,7.36,,,,,,,,,,,,,,,,,,
,,2005 - 2006,,,,49692,369060890,7426.97,18422,1465857,79.57,7970,14449,1.81,,,,,,,6,5,0.83,15432,215971,14,15,11,0.73,,,,53,514,9.7,410,2571,6.27,,,,,,,,,,,,,,,,,,,,,,,,,,,,,,,,,,,,,573,622,1.09,33257,5280,0.16,14660,122382,8.35,,,,,,,,,,7,19,2.71,,,,,,
,,2006 - 2007,,,,49592,613037376,12361.62,18911,1683779,89.04,7116,13194,1.85,,,,,,,19,13,0.68,16772,295690,17.63,38,21,0.55,,,,48,517,10.77,289,1699,5.88,,,,,,,,,,,,,,,,,,,,,,,,,,,,,,,,,,,,,348,268,0.77,31774,7660,0.24,19176,205260,10.7,,,,,,,,,,7,20,2.86,,,,,,
,,2007 - 2008,,,,,,,17000,1488000,87.53,7000,7000,1,,,,,,,,,,,,,,,,,,,,,,,,,,,,,,,,,,,,,,,,,,,,,,,,,,,,,,,,,,,,,,,,,,,,,,,,,,,,,,,,,,,,,,,
,,2008 - 2009,,,,50214,492936570,9816.72,13592,1159182,85.28,8227,32814,3.99,,,,,,,20,19,0.95,15363,291774,18.99,,,,,,,83,1129,13.6,267,1835,6.87,,,,,,,,,,,,,,,,,,,,,,,,,,,,,,,,,,,,,326,330,1.01,33248,6982,0.21,16210,205202,12.66,,,,,,,,,,8,25,3.13,,,,,,
,,2009 - 2010,,,,50247,527381820,10495.79,10879,1017609,93.54,8990,18802,2.09,,,,,,,20,19,0.95,16159,354092,21.91,8,8,1,,,,60,771,12.85,165,1029,6.24,,,,,,,,,,,,,,,,,,,,,,,,,,,,,,,,,,,,,1435,1399,0.97,33459,9737,0.29,10765,144412,13.41,,,,,,,,,,,,,,,,,,
,,2010 - 2011,,,,50789,603358000,11879.7,13051,1086471,83.25,4804,11761,2.45,,,,,,,,,,14357,392291,27.32,,,,,,,49,627,12.8,339,2070,6.11,,,,,,,,,,,,,,,,,,,,,,,,,,,,,,,,,,,,,359,446,1.24,34581,6120,0.18,12391,82090,6.62,,,,,,,,,,,,,,,,,,
,,2011 - 2012,,,,50741,719961050,14188.94,12618,1069560,84.76,4538,12728,2.8,,,,,,,20,8,0.4,13620,302514,22.21,,,,,,,35,450,12.86,296,2222,7.51,,,,,,,,,,,,,,,,,,,,,,,,,,,,,,,,,,,,,344,365,1.06,33233,6329,0.19,12439,124228,9.99,,,,,,,,,,,,,,,,,,
,,2012 - 2013,,,,49516,729965000,14742,14000,1111000,79.36,5000,15000,3,,,,,,,,,,,,,,,,,,,,,,,,,,,,,,,,,,,,,,,,,,,,,,,,,,,,,,,,,,,,,,,,,,,,,,,,,,,,,,,,,,,,,,,
,,2013 - 2014,,,,49114,720895000,14677.99,13857,1165341,84.1,,,,,,,,,,,,,12427,153871,12.38,,,,,,,,,,,,,,,,,,,,,,,,,,,,,,,,,,,,,,,,,,,,,,,,,,,,,,,,,,,,,,,,,,,,,,175,,0,,,
,,2014 - 2015,,,,46865,715300000,15262.99,12405,1056420,85.16,,,,,,,,,,,,,13400,234889,17.53,,,,,,,,,,,,,,,,,,,,,,,,,,,,,,,,,,,,,,,,,,,,,,,,,,,,,,,,,,,,,,,,,,,,,,,,,,,
,,2015 - 2016,,,,50490,737154000,14600,11647,1037710,89.1,,,,,,,,,,,,,13280,305918,23.04,,,,,,,,,,,,,,,,,,,,,,,,,,,,,,,,,,,,,,,,,,,,,,,,,,,,,,,,,,,,,,,,,,,,,,,,,,,
,,2016 - 2017,,,,50501,696900000,13799.73,10515,943395,89.72,,,,,,,,,,,,,12961,267930,20.67,,,,,,,,,,,,,,,,,,,,,,,,,,,,,,,,,,,,,,,,,,,,,,,,,,,,,,,,,,,,,,,,,,,,,,,,,,,
,,2017 - 2018,,,,50473,737300000,14607.81,10320,912540,88.42,,,,,,,,,,,,,12129,933319,76.95,,,,,,,,,,,,,,,,,,,,,,,,,,,,,,,,,,,,,,,,,,,,,,,,,,,,,,,,,,,,,,,,,,,,,,,,,,,
,,2018 - 2019,,,,50538,766300000,15162.85,,,,,,,,,,,,,,,,11844,958380,80.92,,,,,,,,,,,,,,,,,,,,,,,,,,,,,,,,,,,,,,,,,,,,,,,,,,,,,,,,,,,,,,,,,,,,,,,,,,,
,,2019 - 2020,,,,50535,898057000,17770.99,,,,,,,,,,,,,,,,15769,946140,60,,,,,,,,,,,,,,,,,,,,,,,,,,,,,,,,,,,,,,,,,,,,,,,,,,,,,,,,,,,,,,,,,,,,,,,,,,,
,,2020 - 2021,,,,50254,914623000,18200,,,,,,,,,,,,,,,,,,,,,,,,,,,,,,,,,,,,,,,,,,,,,,,,,,,,,,,,,,,,,,,,,,,,,,,,,,,,,,,,,,,,,,,,,,,,,
,,2021 - 2022,,,,49411,898588000,18185.99,,,,,,,,,,,,,,,,,,,,,,,,,,,,,,,,,,,,,,,,,,,,,,,,,,,,,,,,,,,,,,,,,,,,,,,,,,,,,,,,,,,,,,,,,,,,,
,,2022 - 2023,6,3,0.5,8085,115737000,14315.03,,,,,,,,,,,,,,,,,,,,,,,,,,,,,,,,,,,,,,,,,,,,,,,,,,,,,,,,,,,,,,,,,,,,,,,,,,,,,,,,,,,,,,,,,,,,,
,8. Eluru,2022 - 2023,90,10,0.11,13621,371458000,27270.98,,,,,,,,,,,,,,,,,,,,,,,,,,,,,,,,,,,,,,,,,,,,,,,,,,,,,,,,,,,,,,,,,,,,,,,,,,,,,,,,,,,,,,,,,,,,,
,9. Guntur,1998 - 1999,,,,,,,2100,150300,71.57,9900,13600,1.37,,,,,,,,,,,,,,,,,,,,,,,,,,,,,,,,,,,,,,,,,,,,,,,,,,,,,,,,,,,,,,,,,,,,,,,,,,,,,,,,,,,,,,,
,,1999 - 2000,,,,,,,2229,182780,82,8534,16308,1.91,59256,111260,1.88,1593,23110,14.51,,,,,,,,,,,,,,,,,,,,,,,,,,,,,,,,,,,,,,,,,,,,,,,,,,,,,,,,,,,,,,,,,,,,,,,,,,,,,,,,,
,,2000 - 2001,,,,519,5555550,10704.34,1696,135426,79.85,2345,,0,,,,,,,,,,7612,141059,18.53,35,26,0.74,,,,90,2543,28.26,4902,25647,5.23,,,,,,,,,,,,,,,,,,,,,,,,,,,,,,,,,,,,,,,,97,21,0.22,,,,,,,,,,,,,,,,,,,,,
,,2001 - 2002,,,,491,5426352,11051.63,1700,139080,81.81,2857,4480,1.57,,,,,,,,,,7967,204939,25.72,115,89,0.77,,,,55,1544,28.07,4266,22964,5.38,,,,,,,,,,,,,,,,,,,,,,,,,,,,,,,,,,,,,,,,150,41,0.27,,,,,,,,,,,,,,,,,,,,,
,,2002 - 2003,,,,399,4488408,11249.14,1738,114932,66.13,2592,2803,1.08,,,,,,,,,,6720,151697,22.57,64,35,0.55,,,,58,1635,28.19,4625,29669,6.41,1644,10018,6.09,1169,23076,19.74,2007,8914,4.44,1555,0,0,,,,984,10186,10.35,288,5124,17.79,1359,6100,4.49,5007,0,0,87,11349,130.45,307,2323,7.57,1067,7291,6.83,,,,150,19,0.13,,,,162,0,0,,,,316,0,0,,,,,,,,,
,,2003 - 2004,,,,380,4497480,11835.47,1547,110569,71.47,3181,7965,2.5,,,,,,,,,,5681,42238,7.43,195,148,0.76,,,,33,239,7.24,4289,30649,7.15,2308,14402,6.24,1231,17657,14.34,2020,10680,5.29,1888,0,0,,,,913,2552,2.8,959,14549,15.17,1350,6537,4.84,5430,0,0,88,7991,90.81,285,2476,8.69,1478,14161,9.58,,,,150,40,0.27,,,,283,0,0,,,,234,0,0,,,,,,,,,
,,2004 - 2005,,,,215,2528312,11759.59,1972,150690,76.41,3872,7020,1.81,,,,,,,,,,6340,180798,28.52,16,10,0.63,,,,48,439,9.15,4846,34184,7.05,,,,,,,,,,,,,,,,,,,,,,,,,,,,,,,,,,,,,,,,159,34,0.21,5,36,7.2,,,,,,,,,,,,,,,,,,
,,2005 - 2006,,,,222,1941072,8743.57,1953,138788,71.06,3110,5759,1.85,,,,,,,,,,6263,164925,26.33,,,,,,,60,582,9.7,5219,34127,6.54,,,,,,,,,,,,,,,,,,,,,,,,,,,,,,,,,,,,,332,377,1.14,159,42,0.26,,,,,,,,,,,,,,,,,,,,,
,,2006 - 2007,,,,213,2747097,12897.17,1721,135923,78.98,2541,5377,2.12,,,,,,,,,,5653,173479,30.69,,,,,,,11,118,10.73,5359,32047,5.98,,,,,,,,,,,,,,,,,,,,,,,,,,,,,,,,,,,,,47,38,0.81,159,42,0.26,,,,,,,,,,,,,,,,,,,,,
,,2007 - 2008,,,,,,,2000,117000,58.5,2000,5000,2.5,,,,,,,,,,,,,,,,,,,,,,,,,,,,,,,,,,,,,,,,,,,,,,,,,,,,,,,,,,,,,,,,,,,,,,,,,,,,,,,,,,,,,,,
,,2008 - 2009,,,,157,1435126,9140.93,762,57402,75.33,6246,15890,2.54,,,,,,,,,,5519,174969,31.7,,,,,,,21,286,13.62,4394,30354,6.91,,,,,,,,,,,,,,,,,,,,,,,,,,,,,,,,,,,,,100,101,1.01,156,45,0.29,,,,,,,,,,,,,,,,,,,,,
,,2009 - 2010,,,,136,1539810,11322.13,409,41203,100.74,9223,21059,2.28,,,,,,,,,,5177,122452,23.65,22,23,1.05,,,,15,193,12.87,4704,24301,5.17,,,,,,,,,,,,,,,,,,,,,,,,,,,,,,,,,,,,,50,49,0.98,166,49,0.3,,,,,,,,,,,,,,,,,,,,,
,,2010 - 2011,,,,142,1680000,11830.99,908,77430,85.28,4116,10729,2.61,,,,,,,,,,5045,151597,30.05,25,17,0.68,,,,14,179,12.79,5413,35027,6.47,,,,,,,,,,,,,,,,,,,,,,,,,,,,,,,,,,,,,24,30,1.25,162,39,0.24,,,,,,,,,,,,,,,,,,,,,
,,2011 - 2012,,,,125,1757728,14061.82,967,100572,104,4487,14803,3.3,,,,,,,,,,5595,216308,38.66,,,,,,,21,270,12.86,5593,43737,7.82,,,,,,,,,,,,,,,,,,,,,,,,,,,,,,,,,,,,,1,1,1,162,42,0.26,,,,,,,,,,,,,,,,,,,,,
,,2012 - 2013,,,,118,2016000,17084.75,,,,6000,20000,3.33,,,,,,,,,,,,,,,,,,,,,,,,,,,,,,,,,,,,,,,,,,,,,,,,,,,,,,,,,,,,,,,,,,,,,,,,,,,,,,,,,,,,,,,
,,2013 - 2014,,,,111,1840000,16576.58,420,43200,102.86,,,,,,,,,,,,,5574,211734,37.99,,,,,,,,,,,,,,,,,,,,,,,,,,,,,,,,,,,,,,,,,,,,,,,,,,,,,,,,,,,,,,,,,,,,,,2594,,0,,,
,,2014 - 2015,,,,112,800000,7142.86,470,46102,98.09,,,,,,,,,,,,,5539,228916,41.33,,,,,,,,,,,,,,,,,,,,,,,,,,,,,,,,,,,,,,,,,,,,,,,,,,,,,,,,,,,,,,,,,,,,,,,,,,,
,,2015 - 2016,,,,99,920000,9292.93,332,34260,103.19,,,,,,,,,,,,,4653,131829,28.33,,,,,,,,,,,,,,,,,,,,,,,,,,,,,,,,,,,,,,,,,,,,,,,,,,,,,,,,,,,,,,,,,,,,,,,,,,,
,,2016 - 2017,,,,159,2200000,13836.48,267,28341,106.15,,,,,,,,,,,,,3337,123943,37.14,,,,,,,,,,,,,,,,,,,,,,,,,,,,,,,,,,,,,,,,,,,,,,,,,,,,,,,,,,,,,,,,,,,,,,,,,,,
,,2017 - 2018,,,,110,1100000,10000,226,24090,106.59,,,,,,,,,,,,,3175,288300,90.8,,,,,,,,,,,,,,,,,,,,,,,,,,,,,,,,,,,,,,,,,,,,,,,,,,,,,,,,,,,,,,,,,,,,,,,,,,,
,,2018 - 2019,,,,99,1600000,16161.62,,,,,,,,,,,,,,,,3442,305700,88.81,,,,,,,,,,,,,,,,,,,,,,,,,,,,,,,,,,,,,,,,,,,,,,,,,,,,,,,,,,,,,,,,,,,,,,,,,,,
,,2019 - 2020,,,,97,1785000,18402.06,,,,,,,,,,,,,,,,4996,299760,60,,,,,,,,,,,,,,,,,,,,,,,,,,,,,,,,,,,,,,,,,,,,,,,,,,,,,,,,,,,,,,,,,,,,,,,,,,,
,,2020 - 2021,,,,95,1663000,17505.26,,,,,,,,,,,,,,,,,,,,,,,,,,,,,,,,,,,,,,,,,,,,,,,,,,,,,,,,,,,,,,,,,,,,,,,,,,,,,,,,,,,,,,,,,,,,,
,,2021 - 2022,,,,109,2001000,18357.8,,,,,,,,,,,,,,,,,,,,,,,,,,,,,,,,,,,,,,,,,,,,,,,,,,,,,,,,,,,,,,,,,,,,,,,,,,,,,,,,,,,,,,,,,,,,,
,,2022 - 2023,,,,19,348000,18315.79,,,,,,,,,,,,,,,,,,,,,,,,,,,,,,,,,,,,,,,,,,,,,,,,,,,,,,,,,,,,,,,,,,,,,,,,,,,,,,,,,,,,,,,,,,,,,
,10. Kadapa,1998 - 1999,,,,,,,400,38200,95.5,1100,900,0.82,,,,,,,,,,,,,,,,,,,,,,,,,,,,,,,,,,,,,,,,,,,,,,,,,,,,,,,,,,,,,,,,,,,,,,,,,,,,,,,,,,,,,,,
,,1999 - 2000,,,,,,,425,40844,96.1,,,,6246,8282,1.33,4618,41792,9.05,,,,,,,,,,,,,,,,,,,,,,,,,,,,,,,,,,,,,,,,,,,,,,,,,,,,,,,,,,,,,,,,,,,,,,,,,,,,,,,,,
,,2000 - 2001,,,,146,625240,4282.47,356,32880,92.36,113,145,1.28,,,,,,,,,,3620,161828,44.7,17799,6336,0.36,,,,46,622,13.52,3574,24889,6.96,,,,,,,,,,,,,,,,,,,,,,,,,,,,,,,,,,,,,,,,7,2,0.29,,,,,,,,,,,,,,,,,,,,,
,,2001 - 2002,,,,148,530400,3583.78,674,62755,93.11,81,82,1.01,,,,,,,,,,4074,132748,32.58,16141,4567,0.28,,,,62,823,13.27,2470,12204,4.94,,,,,,,,,,,,,,,,,,,,,,,,,,,,,,,,,,,,,,,,7,2,0.29,,,,,,,,,,,,,,,,,,,,,
,,2002 - 2003,,,,155,658350,4247.42,1063,78516,73.86,174,170,0.98,,,,,,,,,,4574,299574,65.49,11945,2377,0.2,,,,40,432,10.8,3153,10228,3.24,207,1542,7.45,489,6912,14.13,6057,30751,5.08,17,0,0,,,,17743,88929,5.01,3178,25978,8.17,1705,492,0.29,433,0,0,3132,408557,130.45,109,5647,51.81,2443,26194,10.72,,,,7,1,0.14,,,,,,,,,,1,0,0,,,,,,,,,
,,2003 - 2004,,,,104,406980,3913.27,555,40233,72.49,389,489,1.26,,,,,,,,,,3771,158827,42.12,10370,2634,0.25,,,,77,557,7.23,2476,17221,6.96,240,2074,8.64,520,7959,15.31,5777,97833,16.93,22,0,0,,,,17864,359248,20.11,3378,56464,16.72,1782,620,0.35,345,0,0,2272,281598,123.94,111,6330,57.03,3181,39828,12.52,,,,7,2,0.29,,,,,,,,,,,,,,,,,,,,,
,,2004 - 2005,,,,95,725372,7635.49,377,33563,89.03,85,94,1.11,,,,,,,,,,3396,197474,58.15,2249,547,0.24,,,,88,181,2.06,2826,25505,9.03,,,,,,,,,,,,,,,,,,,,,,,,,,,,,,,,,,,,,,,,7,2,0.29,,,,,,,,,,,,,1,3,3,,,,,,
,,2005 - 2006,,,,96,384384,4004,922,88323,95.8,74,91,1.23,,,,,,,,,,2978,196691,66.05,9899,4940,0.5,,,,37,428,11.57,2522,19107,7.58,,,,,,,,,,,,,,,,,,,,,,,,,,,,,,,,,,,,,77589,53949,0.7,7,2,0.29,,,,,,,,,,,,,,,,,,,,,
,,2006 - 2007,,,,92,744660,8094.13,2056,201081,97.8,60,73,1.22,,,,,,,,,,4440,275653,62.08,10308,3711,0.36,,,,25,137,5.48,3116,24436,7.84,,,,,,,,,,,,,,,,,,,,,,,,,,,,,,,,,,,,,74177,68505,0.92,6,2,0.33,,,,,,,,,,,,,,,,,,,,,
,,2007 - 2008,,,,,,,1000,82000,82,,,,,,,,,,,,,,,,,,,,,,,,,,,,,,,,,,,,,,,,,,,,,,,,,,,,,,,,,,,,,,,,,,,,,,,,,,,,,,,,,,,,,,,,,,
,,2008 - 2009,,,,126,1143384,9074.48,68,5100,75,324,516,1.59,,,,,,,,,,4058,221705,54.63,16214,5010,0.31,,,,31,177,5.71,2408,24297,10.09,,,,,,,,,,,,,,,,,,,,,,,,,,,,,,,,,,,,,93468,38470,0.41,6,2,0.33,,,,,,,,,,,,,,,,,,,,,
,,2009 - 2010,,,,127,745965,5873.74,140,12268,87.63,377,633,1.68,,,,,,,,,,5985,381424,63.73,17239,7464,0.43,,,,59,348,5.9,3015,36506,12.11,,,,,,,,,,,,,,,,,,,,,,,,,,,,,,,,,,,,,53688,59819,1.11,6,2,0.33,,,,,,,,,,,,,,,,,,,,,
,,2010 - 2011,,,,131,1143000,8725.19,835,75413,90.31,169,257,1.52,,,,,,,,,,8706,488607,56.12,7821,5436,0.7,1,11,11,72,922,12.81,5518,43438,7.87,,,,,,,,,,,,,,,,,,,,,,,,,,,,,,,,,,,,,74025,17716,0.24,6,1,0.17,,,,,,,,,,,,,,,,,,,10,21,2.1
,,2011 - 2012,,,,132,1056480,8003.64,735,59825,81.39,142,230,1.62,,,,,,,,,,7900,518880,65.68,4710,2727,0.58,,,,49,630,12.86,7447,61363,8.24,,,,,,,,,,,,,,,,,,,,,,,,,,,,,,,,,,,,,62079,39749,0.64,6,2,0.33,,,,,,,,,,,,,,,,,,,,,
,,2012 - 2013,,,,114,983000,8622.81,,,,,,,,,,,,,,,,,,,,,,,,,,,,,,,,,,,,,,,,,,,,,,,,,,,,,,,,,,,,,,,,,,,,,,,,,,,,,,,,,,,,,,,,,,,,,
,,2013 - 2014,,,,90,647000,7188.89,550,35420,64.4,,,,,,,,,,,,,8438,497926,59.01,,,,,,,,,,,,,,,,,,,,,,,,,,,,,,,,,,,,,,,,,,,,,,,,,,,,,,,,,,,,,,,,,,,,,,,,,,,
,,2014 - 2015,,,,121,1500000,12396.69,373,30621,82.09,,,,,,,,,,,,,8861,483013,54.51,,,,,,,,,,,,,,,,,,,,,,,,,,,,,,,,,,,,,,,,,,,,,,,,,,,,,,,,,,,,,,,,,,,,,,,,,,,
,,2015 - 2016,,,,121,1800000,14876.03,261,19485,74.66,,,,,,,,,,,,,7969,571170,71.67,,,,,,,,,,,,,,,,,,,,,,,,,,,,,,,,,,,,,,,,,,,,,,,,,,,,,,,,,,,,,,,,,,,,,,,,,,,
,,2016 - 2017,,,,120,1700000,14166.67,245,19005,77.57,,,,,,,,,,,,,7624,569368,74.68,,,,,,,,,,,,,,,,,,,,,,,,,,,,,,,,,,,,,,,,,,,,,,,,,,,,,,,,,,,,,,,,,,,,,,,,,,,
,,2017 - 2018,,,,117,1000000,8547.01,276,26851,97.29,,,,,,,,,,,,,9479,1572199,165.86,,,,,,,,,,,,,,,,,,,,,,,,,,,,,,,,,,,,,,,,,,,,,,,,,,,,,,,,,,,,,,,,,,,,,,,,,,,
,,2018 - 2019,,,,116,1200000,10344.83,,,,,,,,,,,,,,,,11533,1421100,123.22,,,,,,,,,,,,,,,,,,,,,,,,,,,,,,,,,,,,,,,,,,,,,,,,,,,,,,,,,,,,,,,,,,,,,,,,,,,
,,2019 - 2020,,,,113,2079000,18398.23,,,,,,,,,,,,,,,,25887,1553220,60,,,,,,,,,,,,,,,,,,,,,,,,,,,,,,,,,,,,,,,,,,,,,,,,,,,,,,,,,,,,,,,,,,,,,,,,,,,
,,2020 - 2021,,,,81,1418000,17506.17,,,,,,,,,,,,,,,,,,,,,,,,,,,,,,,,,,,,,,,,,,,,,,,,,,,,,,,,,,,,,,,,,,,,,,,,,,,,,,,,,,,,,,,,,,,,,
,,2021 - 2022,,,,67,1230000,18358.21,,,,,,,,,,,,,,,,,,,,,,,,,,,,,,,,,,,,,,,,,,,,,,,,,,,,,,,,,,,,,,,,,,,,,,,,,,,,,,,,,,,,,,,,,,,,,
,,2022 - 2023,,,,11,202000,18363.64,,,,,,,,,,,,,,,,,,,,,,,,,,,,,,,,,,,,,,,,,,,,,,,,,,,,,,,,,,,,,,,,,,,,,,,,,,,,,,,,,,,,,,,,,,,,,
,11. Kakinada,2022 - 2023,,,,2882,52801000,18320.96,,,,,,,,,,,,,,,,,,,,,,,,,,,,,,,,,,,,,,,,,,,,,,,,,,,,,,,,,,,,,,,,,,,,,,,,,,,,,,,,,,,,,,,,,,,,,
,12. Konaseema,2022 - 2023,,,,39169,674764000,17226.99,,,,,,,,,,,,,,,,,,,,,,,,,,,,,,,,,,,,,,,,,,,,,,,,,,,,,,,,,,,,,,,,,,,,,,,,,,,,,,,,,,,,,,,,,,,,,
,13. Krishna,1998 - 1999,,,,,,,17300,1852600,107.09,8000,15400,1.93,,,,,,,,,,,,,,,,,,,,,,,,,,,,,,,,,,,,,,,,,,,,,,,,,,,,,,,,,,,,,,,,,,,,,,,,,,,,,,,,,,,,,,,
,,1999 - 2000,,,,,,,15572,1825668,117.24,3693,3711,1,12985,38332,2.95,105,1735,16.52,,,,,,,,,,,,,,,,,,,,,,,,,,,,,,,,,,,,,,,,,,,,,,,,,,,,,,,,,,,,,,,,,,,,,,,,,,,,,,,,,
,,2000 - 2001,,,,1520,16273950,10706.55,12658,1382481,109.22,2669,7177,2.69,,,,,,,4,11,2.75,1363,26208,19.23,,,,,,,35,474,13.54,2713,12184,4.49,,,,,,,,,,,,,,,,,,,,,,,,,,,,,,,,,,,,,,,,824,180,0.22,4,31,7.75,,,,,,,,,,15,28,1.87,,,,,,
,,2001 - 2002,,,,1789,19782864,11058.06,10690,1112198,104.04,3784,6551,1.73,,,,,,,4,7,1.75,1556,3946,2.54,25,19,0.76,,,,12,160,13.33,2081,7976,3.83,,,,,,,,,,,,,,,,,,,,,,,,,,,,,,,,,,,,,,,,803,220,0.27,7,58,8.29,,,,,,,,,,14,37,2.64,,,,,,
,,2002 - 2003,,,,1889,21255984,11252.51,15203,1535260,100.98,3832,9414,2.46,,,,,,,18,26,1.44,1346,20586,15.29,14,8,0.57,,,,12,130,10.83,1711,8141,4.76,656,5093,7.76,906,11965,13.21,612,2718,4.44,681,0,0,,,,62800,234926,3.74,47,841,17.89,396,1217,3.07,2364,0,0,23,3000,130.43,986,8591,8.71,1322,9348,7.07,,,,478,59,0.12,2,12,6,341,0,0,3,0,0,135,0,0,12,20,1.67,,,,,,
,,2003 - 2004,,,,1726,20407920,11823.82,17524,1322046,75.44,4136,7924,1.92,,,,,,,18,13,0.72,1249,15574,12.47,11,8,0.73,,,,22,159,7.23,1410,12243,8.68,610,5673,9.3,905,17203,19.01,646,3418,5.29,687,0,0,,,,62652,147294,2.35,49,743,15.16,351,1453,4.14,2502,0,0,18,1635,90.83,981,11741,11.97,1650,16110,9.76,,,,355,95,0.27,,,,288,0,0,,,,106,0,0,13,37,2.85,,,,,,
,,2004 - 2005,,,,1693,19892568,11749.89,18699,1884261,100.77,5097,9589,1.88,,,,,,,,,,1543,19223,12.46,14,9,0.64,,,,16,146,9.13,1806,25065,13.88,,,,,,,,,,,,,,,,,,,,,,,,,,,,,,,,,,,,,,,,337,72,0.21,,,,,,,,,,,,,8,22,2.75,,,,,,
,,2005 - 2006,,,,1627,14192976,8723.4,21680,1810150,83.49,4747,10060,2.12,,,,,,,,,,1601,27059,16.9,3,2,0.67,,,,,,,2504,19471,7.78,,,,,,,,,,,,,,,,,,,,,,,,,,,,,,,,,,,,,152,173,1.14,307,82,0.27,,,,,,,,,,,,,34,94,2.76,,,,,,
,,2006 - 2007,,,,1648,21220329,12876.41,21424,1958089,91.4,5196,11685,2.25,,,,,,,,,,1509,29004,19.22,40,22,0.55,,,,,,,2011,16617,8.26,,,,,,,,,,,,,,,,,,,,,,,,,,,,,,,,,,,,,136,111,0.82,307,81,0.26,,,,,,,,,,,,,21,59,2.81,,,,,,
,,2007 - 2008,,,,,,,16000,1655000,103.44,5000,12000,2.4,,,,,,,,,,,,,,,,,,,,,,,,,,,,,,,,,,,,,,,,,,,,,,,,,,,,,,,,,,,,,,,,,,,,,,,,,,,,,,,,,,,,,,,
,,2008 - 2009,,,,2129,19439434,9130.78,11255,1073337,95.37,7145,19515,2.73,,,,,,,,,,1475,40328,27.34,,,,,,,,,,1884,20183,10.71,,,,,,,,,,,,,,,,,,,,,,,,,,,,,,,,,,,,,42,43,1.02,282,82,0.29,,,,,,,,,,,,,21,50,2.38,,,,,,
,,2009 - 2010,,,,2090,23599014,11291.39,9494,829393,87.36,7027,19474,2.77,,,,,,,,,,1632,35124,21.52,,,,,,,3,39,13,2024,23414,11.57,,,,,,,,,,,,,,,,,,,,,,,,,,,,,,,,,,,,,268,261,0.97,259,77,0.3,,,,,,,,,,,,,57,111,1.95,,,,,,
,,2010 - 2011,,,,1897,22495000,11858.2,16144,1527716,94.63,5160,12771,2.48,,,,,,,9,4,0.44,1465,33847,23.1,,,,,,,1,13,13,2014,17252,8.57,,,,,,,,,,,,,,,,,,,,,,,,,,,,,,,,,,,,,76,94,1.24,170,41,0.24,,,,,,,,,,,,,43,401,9.33,,,,,,
,,2011 - 2012,,,,1965,27512912,14001.48,16024,1621860,101.21,3425,13256,3.87,,,,,,,,,,1180,35937,30.46,,,,,,,10,128,12.8,2670,28540,10.69,,,,,,,,,,,,,,,,,,,,,,,,,,,,,,,,,,,,,38,40,1.05,180,46,0.26,,,,,,,,,,,,,55,508,9.24,,,,,,
,,2012 - 2013,,,,2008,34309000,17086.16,16000,1374000,85.88,3000,13000,4.33,,,,,,,,,,,,,,,,,,,,,,,,,,,,,,,,,,,,,,,,,,,,,,,,,,,,,,,,,,,,,,,,,,,,,,,,,,,,,,,,,,,,,,,
,,2013 - 2014,,,,2053,34029000,16575.26,16123,1447765,89.8,,,,,,,,,,,,,1266,45738,36.13,,,,,,,,,,,,,,,,,,,,,,,,,,,,,,,,,,,,,,,,,,,,,,,,,,,,,,,,,,,,,,,,,,,,,,,,,,,
,,2014 - 2015,,,,1829,30000000,16402.41,16719,1400898,83.79,,,,,,,,,,,,,1554,61764,39.75,,,,,,,,,,,,,,,,,,,,,,,,,,,,,,,,,,,,,,,,,,,,,,,,,,,,,,,,,,,,,,,,,,,,,,,,,,,
,,2015 - 2016,,,,1872,27465000,14671.47,14555,1491656,102.48,,,,,,,,,,,,,1372,89260,65.06,,,,,,,,,,,,,,,,,,,,,,,,,,,,,,,,,,,,,,,,,,,,,,,,,,,,,,,,,,,,,,,,,,,,,,,,,,,
,,2016 - 2017,,,,997,13800000,13841.52,10983,993610,90.47,,,,,,,,,,,,,1512,57364,37.94,,,,,,,,,,,,,,,,,,,,,,,,,,,,,,,,,,,,,,,,,,,,,,,,,,,,,,,,,,,,,,,,,,,,,,,,,,,
,,2017 - 2018,,,,1925,31700000,16467.53,10258,945664,92.19,,,,,,,,,,,,,1355,289920,213.96,,,,,,,,,,,,,,,,,,,,,,,,,,,,,,,,,,,,,,,,,,,,,,,,,,,,,,,,,,,,,,,,,,,,,,,,,,,
,,2018 - 2019,,,,1899,37200000,19589.26,,,,,,,,,,,,,,,,1305,336780,258.07,,,,,,,,,,,,,,,,,,,,,,,,,,,,,,,,,,,,,,,,,,,,,,,,,,,,,,,,,,,,,,,,,,,,,,,,,,,
,,2019 - 2020,,,,1820,33490000,18401.1,,,,,,,,,,,,,,,,4771,286260,60,,,,,,,,,,,,,,,,,,,,,,,,,,,,,,,,,,,,,,,,,,,,,,,,,,,,,,,,,,,,,,,,,,,,,,,,,,,
,,2020 - 2021,,,,1444,25271000,17500.69,,,,,,,,,,,,,,,,,,,,,,,,,,,,,,,,,,,,,,,,,,,,,,,,,,,,,,,,,,,,,,,,,,,,,,,,,,,,,,,,,,,,,,,,,,,,,
,,2021 - 2022,,,,1544,34510000,22351.04,,,,,,,,,,,,,,,,,,,,,,,,,,,,,,,,,,,,,,,,,,,,,,,,,,,,,,,,,,,,,,,,,,,,,,,,,,,,,,,,,,,,,,,,,,,,,
,,2022 - 2023,,,,846,15500000,18321.51,,,,,,,,,,,,,,,,,,,,,,,,,,,,,,,,,,,,,,,,,,,,,,,,,,,,,,,,,,,,,,,,,,,,,,,,,,,,,,,,,,,,,,,,,,,,,
,14. Kurnool,1998 - 1999,,,,,,,200,15100,75.5,22100,18700,0.85,,,,,,,,,,,,,,,,,,,,,,,,,,,,,,,,,,,,,,,,,,,,,,,,,,,,,,,,,,,,,,,,,,,,,,,,,,,,,,,,,,,,,,,
,,1999 - 2000,,,,,,,176,15620,88.75,61,61,1,13207,18601,1.41,10678,156507,14.66,,,,,,,,,,,,,,,,,,,,,,,,,,,,,,,,,,,,,,,,,,,,,,,,,,,,,,,,,,,,,,,,,,,,,,,,,,,,,,,,,
,,2000 - 2001,,,,99,425810,4301.11,47,3379,71.89,13264,16890,1.27,,,,,,,,,,2327,32282,13.87,19621,6632,0.34,,,,5,68,13.6,1324,9221,6.96,,,,,,,,,,,,,,,,,,,,,,,,,,,,,,,,,,,,,,,,,,,,,,,,,,,,,,,,,,,,,,,
,,2001 - 2002,,,,110,374400,3403.64,48,4175,86.98,13217,13309,1.01,,,,,,,,,,2704,29845,11.04,25112,10271,0.41,,,,16,212,13.25,878,4338,4.94,,,,,,,,,,,,,,,,,,,,,,,,,,,,,,,,,,,,,,,,,,,,,,,,,,,,,,,,,,,,,,,
,,2002 - 2003,,,,100,425733,4257.33,80,5906,73.83,7240,6830,0.94,,,,,,,,,,1862,49164,26.4,17839,5584,0.31,1,5,5,17,184,10.82,878,2848,3.24,6908,51451,7.45,997,29822,29.91,98,497,5.07,141,0,0,,,,3021,14250,4.72,769,6280,8.17,549,948,1.73,1481,0,0,186,24263,130.45,139,7213,51.89,21469,142009,6.61,,,,,,,,,,2,0,0,,,,2,0,0,,,,,,,,,
,,2003 - 2004,,,,86,342720,3985.12,435,31537,72.5,13777,17318,1.26,,,,,,,,,,2960,23820,8.05,15401,4913,0.32,,,,15,108,7.2,691,4806,6.96,5506,47726,8.67,1495,27359,18.3,114,1918,16.82,399,0,0,4,69,17.25,4174,61878,14.82,910,15208,16.71,581,1280,2.2,2392,0,0,187,16981,90.81,148,8420,56.89,19358,293269,15.15,,,,,,,,,,11,0,0,,,,36,0,0,,,,,,,,,
,,2004 - 2005,,,,64,486530,7602.03,393,34395,87.52,12981,14110,1.09,,,,,,,,,,1302,37774,29.01,9147,2451,0.27,142,1406,9.9,26,53,2.04,1568,14151,9.02,,,,,,,,,,,,,,,,,,,,,,,,,,,,,,,,,,,,,,,,,,,,,,,,,,,,,,,,,,,,,,,
,,2005 - 2006,,,,60,227136,3785.6,1817,175635,96.66,13857,14927,1.08,,,,,,,,,,1234,28942,23.45,6514,2736,0.42,,,,8,42,5.25,978,7409,7.58,,,,,,,,,,,,,,,,,,,,,,,,,,,,,,,,,,,,,180697,106120,0.59,,,,,,,,,,,,,,,,,,,,,,,,
,,2006 - 2007,,,,52,421974,8114.88,2246,210675,93.8,8155,9251,1.13,,,,,,,,,,2128,45722,21.49,6517,2020,0.31,,,,6,33,5.5,1183,9277,7.84,,,,,,,,,,,,,,,,,,,,,,,,,,,,,,,,,,,,,174126,112494,0.65,,,,,,,,,,,,,,,,1,3,3,,,,,,
,,2007 - 2008,,,,,,,2000,143000,71.5,7000,10000,1.43,,,,,,,,,,,,,,,,,,,,,,,,,,,,,,,,,,,,,,,,,,,,,,,,,,,,,,,,,,,,,,,,,,,,,,,,,,,,,,,,,,,,,,,
,,2008 - 2009,,,,71,646668,9108,1055,94785,89.84,11614,18513,1.59,,,,,,,,,,2227,59036,26.51,6452,4445,0.69,15,135,9,7,40,5.71,941,9495,10.09,,,,,,,,,,,,,,,,,,,,,,,,,,,,,,,,,,,,,144534,113086,0.78,,,,,,,,,,,,,,,,,,,,,,,,
,,2009 - 2010,,,,49,289755,5913.37,1406,116158,82.62,18627,31479,1.69,,,,,,,,,,2253,55933,24.83,9282,6646,0.72,8,69,8.63,74,436,5.89,995,12047,12.11,,,,,,,,,,,,,,,,,,,,,,,,,,,,,,,,,,,,,140629,84432,0.6,,,,,,,,,,,,,,,,,,,,,,,,
,,2010 - 2011,,,,51,445000,8725.49,1738,168912,97.19,12141,21405,1.76,,,,,,,,,,2018,54942,27.23,3659,2477,0.68,14,157,11.21,6,77,12.83,1918,15098,7.87,,,,,,,,,,,,,,,,,,,,,,,,,,,,,,,,,,,,,78213,63375,0.81,,,,,,,,,,,,,,,,,,,,,,,,
,,2011 - 2012,,,,15,119280,7952,985,100261,101.79,9007,14529,1.61,,,,,,,,,,612,18621,30.43,3151,1711,0.54,32,321,10.03,41,527,12.85,4778,39371,8.24,,,,,,,,,,,,,,,,,,,,,,,,,,,,,,,,,,,,,32425,21656,0.67,,,,,,,,,,,,,,,,,,,,,,,,
,,2012 - 2013,,,,16,138000,8625,2000,138000,69,7000,9000,1.29,,,,,,,,,,,,,,,,,,,,,,,,,,,,,,,,,,,,,,,,,,,,,,,,,,,,,,,,,,,,,,,,,,,,,,,,,,,,,,,,,,,,,,,
,,2013 - 2014,,,,8,58000,7250,751,80420,107.08,,,,,,,,,,,,,1632,51539,31.58,,,,,,,,,,,,,,,,,,,,,,,,,,,,,,,,,,,,,,,,,,,,,,,,,,,,,,,,,,,,,,,,,,,,,,18,,0,,,
,,2014 - 2015,,,,,,,714,83391,116.79,,,,,,,,,,,,,1985,90691,45.69,,,,,,,,,,,,,,,,,,,,,,,,,,,,,,,,,,,,,,,,,,,,,,,,,,,,,,,,,,,,,,,,,,,,,,,,,,,
,,2015 - 2016,,,,,,,960,95616,99.6,,,,,,,,,,,,,2331,117795,50.53,,,,,,,,,,,,,,,,,,,,,,,,,,,,,,,,,,,,,,,,,,,,,,,,,,,,,,,,,,,,,,,,,,,,,,,,,,,
,,2016 - 2017,,,,,,,406,42708,105.19,,,,,,,,,,,,,2032,116810,57.49,,,,,,,,,,,,,,,,,,,,,,,,,,,,,,,,,,,,,,,,,,,,,,,,,,,,,,,,,,,,,,,,,,,,,,,,,,,
,,2017 - 2018,,,,14,,0,453,59259,130.81,,,,,,,,,,,,,2266,220200,97.18,,,,,,,,,,,,,,,,,,,,,,,,,,,,,,,,,,,,,,,,,,,,,,,,,,,,,,,,,,,,,,,,,,,,,,,,,,,
,,2018 - 2019,,,,10,,0,,,,,,,,,,,,,,,,2915,244200,83.77,,,,,,,,,,,,,,,,,,,,,,,,,,,,,,,,,,,,,,,,,,,,,,,,,,,,,,,,,,,,,,,,,,,,,,,,,,,
,,2019 - 2020,,,,5,92000,18400,,,,,,,,,,,,,,,,3970,238200,60,,,,,,,,,,,,,,,,,,,,,,,,,,,,,,,,,,,,,,,,,,,,,,,,,,,,,,,,,,,,,,,,,,,,,,,,,,,
,,2020 - 2021,,,,22,385000,17500,,,,,,,,,,,,,,,,,,,,,,,,,,,,,,,,,,,,,,,,,,,,,,,,,,,,,,,,,,,,,,,,,,,,,,,,,,,,,,,,,,,,,,,,,,,,,
,,2021 - 2022,,,,19,349000,18368.42,,,,,,,,,,,,,,,,,,,,,,,,,,,,,,,,,,,,,,,,,,,,,,,,,,,,,,,,,,,,,,,,,,,,,,,,,,,,,,,,,,,,,,,,,,,,,
,,2022 - 2023,,,,13,238000,18307.69,,,,,,,,,,,,,,,,,,,,,,,,,,,,,,,,,,,,,,,,,,,,,,,,,,,,,,,,,,,,,,,,,,,,,,,,,,,,,,,,,,,,,,,,,,,,,
,15. Nandyal,2022 - 2023,,,,8,147000,18375,,,,,,,,,,,,,,,,,,,,,,,,,,,,,,,,,,,,,,,,,,,,,,,,,,,,,,,,,,,,,,,,,,,,,,,,,,,,,,,,,,,,,,,,,,,,,
,16. Ntr,2022 - 2023,,,,72,1319000,18319.44,,,,,,,,,,,,,,,,,,,,,,,,,,,,,,,,,,,,,,,,,,,,,,,,,,,,,,,,,,,,,,,,,,,,,,,,,,,,,,,,,,,,,,,,,,,,,
,17. Palnadu,2022 - 2023,,,,12,220000,18333.33,,,,,,,,,,,,,,,,,,,,,,,,,,,,,,,,,,,,,,,,,,,,,,,,,,,,,,,,,,,,,,,,,,,,,,,,,,,,,,,,,,,,,,,,,,,,,
,18. Parvathipuram manyam,2022 - 2023,,,,104,1905000,18317.31,,,,,,,,,,,,,,,,,,,,,,,,,,,,,,,,,,,,,,,,,,,,,,,,,,,,,,,,,,,,,,,,,,,,,,,,,,,,,,,,,,,,,,,,,,,,,
,19. Prakasam,1998 - 1999,,,,,,,300,22600,75.33,74500,80400,1.08,,,,,,,,,,,,,,,,,,,,,,,,,,,,,,,,,,,,,,,,,,,,,,,,,,,,,,,,,,,,,,,,,,,,,,,,,,,,,,,,,,,,,,,
,,1999 - 2000,,,,,,,343,27265,79.49,65876,53294,0.81,25519,38806,1.52,303,4590,15.15,,,,,,,,,,,,,,,,,,,,,,,,,,,,,,,,,,,,,,,,,,,,,,,,,,,,,,,,,,,,,,,,,,,,,,,,,,,,,,,,,
,,2000 - 2001,,,,209,2240700,10721.05,272,21836,80.28,6985,14894,2.13,,,,,,,,,,615,12085,19.65,3057,2268,0.74,,,,542,10129,18.69,246,1105,4.49,,,,,,,,,,,,,,,,,,,,,,,,,,,,,,,,,,,,,,,,761,166,0.22,,,,,,,,,,,,,,,,,,,,,
,,2001 - 2002,,,,202,2195568,10869.15,287,23462,81.75,51549,57805,1.12,,,,,,,,,,511,8370,16.38,2993,2317,0.77,,,,605,9829,16.25,314,1357,4.32,,,,,,,,,,,,,,,,,,,,,,,,,,,,,,,,,,,,,,,,702,193,0.27,,,,,,,,,,,,,,,,,,,,,
,,2002 - 2003,,,,202,2267460,11225.05,376,24440,65,58544,64818,1.11,,,,,,,,,,538,10429,19.38,3841,2124,0.55,,,,425,4655,10.95,183,981,5.36,511,3629,7.1,558,7369,13.21,987,4383,4.44,444,0,0,,,,5235,16046,3.07,10581,187420,17.71,3069,11606,3.78,1134,0,0,721,94052,130.45,395,1677,4.25,4048,19694,4.87,,,,687,85,0.12,,,,,,,,,,7,0,0,,,,,,,,,
,,2003 - 2004,,,,200,2369640,11848.2,289,20521,71.01,58542,68824,1.18,,,,,,,,,,82,794,9.68,6061,4588,0.76,,,,317,2100,6.62,172,1061,6.17,330,2610,7.91,370,7033,19.01,1544,8119,5.26,331,0,0,,,,5518,15192,2.75,13608,204728,15.04,2772,12008,4.33,972,0,0,160,14530,90.81,1758,3574,2.03,4282,38638,9.02,,,,698,187,0.27,,,,5,0,0,,,,46,0,0,,,,,,,,,
,,2004 - 2005,,,,202,2373274,11748.88,144,10717,74.42,61802,77556,1.25,,,,,,,,,,89,1793,20.15,1558,957,0.61,,,,215,2187,10.17,89,719,8.08,,,,,,,,,,,,,,,,,,,,,,,,,,,,,,,,,,,,,,,,689,147,0.21,,,,,,,,,,,,,,,,,,,,,
,,2005 - 2006,,,,123,1077384,8759.22,89,6404,71.96,61058,76996,1.26,,,,,,,,,,90,1510,16.78,1557,1101,0.71,,,,245,3164,12.91,149,934,6.27,,,,,,,,,,,,,,,,,,,,,,,,,,,,,,,,,,,,,27657,39408,1.42,648,173,0.27,,,,,,,,,,,,,,,,,,,,,
,,2006 - 2007,,,,100,1287287,12872.87,124,9854,79.47,60299,62230,1.03,,,,,,,,,,95,1890,19.89,1246,677,0.54,,,,159,2487,15.64,176,1035,5.88,,,,,,,,,,,,,,,,,,,,,,,,,,,,,,,,,,,,,38937,33417,0.86,672,177,0.26,,,,,,,,,,,,,,,,,,,,,
,,2007 - 2008,,,,,,,,,,57000,67000,1.18,,,,,,,,,,,,,,,,,,,,,,,,,,,,,,,,,,,,,,,,,,,,,,,,,,,,,,,,,,,,,,,,,,,,,,,,,,,,,,,,,,,,,,,
,,2008 - 2009,,,,63,577778,9171.08,251,20080,80,81738,120504,1.47,,,,,,,,,,452,9320,20.62,2583,2469,0.96,,,,204,4280,20.98,329,2261,6.87,,,,,,,,,,,,,,,,,,,,,,,,,,,,,,,,,,,,,39982,40780,1.02,1060,339,0.32,,,,,,,,,,,,,,,,,,,,,
,,2009 - 2010,,,,61,684360,11219.02,144,10656,74,94292,157105,1.67,,,,,,,,,,382,8794,23.02,1555,1600,1.03,,,,129,2484,19.26,281,1752,6.23,,,,,,,,,,,,,,,,,,,,,,,,,,,,,,,,,,,,,23750,23312,0.98,1063,316,0.3,,,,,,,,,,,,,,,,,,,,,
,,2010 - 2011,,,,73,865000,11849.32,331,27142,82,81271,127518,1.57,,,,,,,,,,292,7444,25.49,843,571,0.68,,,,137,1918,14,532,3248,6.11,,,,,,,,,,,,,,,,,,,,,,,,,,,,,,,,,,,,,18503,22870,1.24,1056,253,0.24,,,,,,,,,,,,,,,,,,,,,
,,2011 - 2012,,,,47,655424,13945.19,423,34263,81,62776,109504,1.74,,,,,,,,,,430,11455,26.64,529,501,0.95,,,,99,1571,15.87,1343,10084,7.51,,,,,,,,,,,,,,,,,,,,,,,,,,,,,,,,,,,,,17007,18623,1.1,1078,277,0.26,,,,,,,,,,,,,,,,,,,,,
,,2012 - 2013,,,,39,666000,17076.92,1000,51000,51,72000,133000,1.85,,,,,,,,,,,,,,,,,,,,,,,,,,,,,,,,,,,,,,,,,,,,,,,,,,,,,,,,,,,,,,,,,,,,,,,,,,,,,,,,,,,,,,,
,,2013 - 2014,,,,39,646000,16564.1,673,53132,78.95,,,,,,,,,,,,,487,9561,19.63,,,,,,,,,,,,,,,,,,,,,,,,,,,,,,,,,,,,,,,,,,,,,,,,,,,,,,,,,,,,,,,,,,,,,,1841,,0,,,
,,2014 - 2015,,,,37,600000,16216.22,900,64800,72,,,,,,,,,,,,,479,10193,21.28,,,,,,,,,,,,,,,,,,,,,,,,,,,,,,,,,,,,,,,,,,,,,,,,,,,,,,,,,,,,,,,,,,,,,,,,,,,
,,2015 - 2016,,,,40,600000,15000,628,49946,79.53,,,,,,,,,,,,,688,18068,26.26,,,,,,,,,,,,,,,,,,,,,,,,,,,,,,,,,,,,,,,,,,,,,,,,,,,,,,,,,,,,,,,,,,,,,,,,,,,
,,2016 - 2017,,,,40,600000,15000,444,34632,78,,,,,,,,,,,,,401,10811,26.96,,,,,,,,,,,,,,,,,,,,,,,,,,,,,,,,,,,,,,,,,,,,,,,,,,,,,,,,,,,,,,,,,,,,,,,,,,,
,,2017 - 2018,,,,21,500000,23809.52,233,16567,71.1,,,,,,,,,,,,,426,24060,56.48,,,,,,,,,,,,,,,,,,,,,,,,,,,,,,,,,,,,,,,,,,,,,,,,,,,,,,,,,,,,,,,,,,,,,,,,,,,
,,2018 - 2019,,,,19,600000,31578.95,,,,,,,,,,,,,,,,204,21000,102.94,,,,,,,,,,,,,,,,,,,,,,,,,,,,,,,,,,,,,,,,,,,,,,,,,,,,,,,,,,,,,,,,,,,,,,,,,,,
,,2019 - 2020,,,,19,350000,18421.05,,,,,,,,,,,,,,,,380,22800,60,,,,,,,,,,,,,,,,,,,,,,,,,,,,,,,,,,,,,,,,,,,,,,,,,,,,,,,,,,,,,,,,,,,,,,,,,,,
,,2020 - 2021,,,,55,963000,17509.09,,,,,,,,,,,,,,,,,,,,,,,,,,,,,,,,,,,,,,,,,,,,,,,,,,,,,,,,,,,,,,,,,,,,,,,,,,,,,,,,,,,,,,,,,,,,,
,,2021 - 2022,,,,50,918000,18360,,,,,,,,,,,,,,,,,,,,,,,,,,,,,,,,,,,,,,,,,,,,,,,,,,,,,,,,,,,,,,,,,,,,,,,,,,,,,,,,,,,,,,,,,,,,,
,,2022 - 2023,,,,20,366000,18300,,,,,,,,,,,,,,,,,,,,,,,,,,,,,,,,,,,,,,,,,,,,,,,,,,,,,,,,,,,,,,,,,,,,,,,,,,,,,,,,,,,,,,,,,,,,,
,20. Spsr nellore,1998 - 1999,,,,,,,6100,546100,89.52,12900,14000,1.09,,,,,,,,,,,,,,,,,,,,,,,,,,,,,,,,,,,,,,,,,,,,,,,,,,,,,,,,,,,,,,,,,,,,,,,,,,,,,,,,,,,,,,,
,,1999 - 2000,,,,,,,6562,614664,93.67,12061,14123,1.17,3652,7692,2.11,35,459,13.11,,,,,,,,,,,,,,,,,,,,,,,,,,,,,,,,,,,,,,,,,,,,,,,,,,,,,,,,,,,,,,,,,,,,,,,,,,,,,,,,,
,,2000 - 2001,,,,422,4516050,10701.54,7872,633231,80.44,12,28,2.33,,,,,,,,,,567,8154,14.38,125,93,0.74,,,,234,2341,10,137,615,4.49,,,,,,,,,,,,,,,,,,,,,,,,,,,,,,,,,,,,,,,,743,162,0.22,25,191,7.64,,,,,,,,,,,,,,,,,,
,,2001 - 2002,,,,590,6518448,11048.22,9842,869265,88.32,10068,11548,1.15,,,,,,,,,,479,8030,16.76,20,15,0.75,,,,260,4442,17.08,107,462,4.32,,,,,,,,,,,,,,,,,,,,,,,,,,,,,,,,,,,,,,,,665,183,0.28,25,207,8.28,,,,,,,,,,,,,,,,,,
,,2002 - 2003,,,,599,6744240,11259.17,6986,727885,104.19,10313,11881,1.15,,,,,,,,,,521,10099,19.38,33,18,0.55,,,,112,1174,10.48,175,938,5.36,211,1386,6.57,490,6471,13.21,23661,111117,4.7,85,0,0,,,,9804,33578,3.42,1680,29844,17.76,1439,1459,1.01,525,0,0,8,1044,130.5,395,2994,7.58,154,1108,7.19,,,,778,97,0.12,,,,,,,2,0,0,11,0,0,,,,,,,,,
,,2003 - 2004,,,,487,5754840,11816.92,5694,547216,96.1,11122,16761,1.51,,,,,,,,,,485,4699,9.69,145,110,0.76,,,,85,806,9.48,91,561,6.16,165,1136,6.88,386,7337,19.01,23819,136822,5.74,64,0,0,,,,9930,59308,5.97,1867,28309,15.16,1660,2182,1.31,443,0,0,8,726,90.75,418,3623,8.67,87,835,9.6,,,,806,216,0.27,,,,,,,,,,3,0,0,,,,,,,,,
,,2004 - 2005,,,,536,6296928,11748,5521,521917,94.53,10375,7592,0.73,,,,,,,,,,458,8480,18.52,24,15,0.63,,,,138,1771,12.83,118,954,8.08,,,,,,,,,,,,,,,,,,,,,,,,,,,,,,,,,,,,,,,,733,157,0.21,,,,,,,,,,,,,,,,,,,,,
,,2005 - 2006,,,,511,4460904,8729.75,7790,732019,93.97,10759,9870,0.92,,,,,,,,,,470,7887,16.78,20,14,0.7,,,,27,348,12.89,165,1034,6.27,,,,,,,,,,,,,,,,,,,,,,,,,,,,,,,,,,,,,15832,7633,0.48,662,176,0.27,,,,,,,,,,,,,,,,,,,,,
,,2006 - 2007,,,,511,6582416,12881.44,10395,1189593,114.44,11097,13183,1.19,,,,,,,,,,667,13271,19.9,,,,,,,135,1454,10.77,213,1252,5.88,,,,,,,,,,,,,,,,,,,,,,,,,,,,,,,,,,,,,11451,6113,0.53,674,178,0.26,,,,,,,,,,,,,,,,,,,,,
,,2007 - 2008,,,,,,,10000,946000,94.6,10000,7000,0.7,,,,,,,,,,,,,,,,,,,,,,,,,,,,,,,,,,,,,,,,,,,,,,,,,,,,,,,,,,,,,,,,,,,,,,,,,,,,,,,,,,,,,,,
,,2008 - 2009,,,,800,7306096,9132.62,7825,687108,87.81,12182,8040,0.66,,,,,,,,,,860,17733,20.62,,,,,,,41,558,13.61,98,673,6.87,,,,,,,,,,,,,,,,,,,,,,,,,,,,,,,,,,,,,9050,5392,0.6,479,140,0.29,17,211,12.41,,,,,,,,,,,,,,,,,,
,,2009 - 2010,,,,800,9033552,11291.94,4832,486932,100.77,14173,18042,1.27,,,,,,,,,,1196,27534,23.02,,,,,,,61,359,5.89,111,692,6.23,,,,,,,,,,,,,,,,,,,,,,,,,,,,,,,,,,,,,3883,2903,0.75,480,143,0.3,,,,,,,,,,,,,,,,,,,,,
,,2010 - 2011,,,,788,9339000,11851.52,7172,658905,91.87,10863,18369,1.69,,,,,,,,,,1278,32579,25.49,,,,,,,40,512,12.8,153,934,6.1,,,,,,,,,,,,,,,,,,,,,,,,,,,,,,,,,,,,,2704,2460,0.91,491,118,0.24,4,26,6.5,,,,,,,,,,,,,,,,,,
,,2011 - 2012,,,,769,10769808,14004.95,9061,976456,107.76,10882,17531,1.61,,,,,,,,,,1177,18284,15.53,,,,,,,175,2250,12.86,280,2102,7.51,,,,,,,,,,,,,,,,,,,,,,,,,,,,,,,,,,,,,2862,1983,0.69,453,116,0.26,,,,,,,,,,,,,,,,,,,,,
,,2012 - 2013,,,,735,12558000,17085.71,10000,973000,97.3,9000,14000,1.56,,,,,,,,,,,,,,,,,,,,,,,,,,,,,,,,,,,,,,,,,,,,,,,,,,,,,,,,,,,,,,,,,,,,,,,,,,,,,,,,,,,,,,,
,,2013 - 2014,,,,543,9000000,16574.59,7835,817711,104.37,,,,,,,,,,,,,816,25764,31.57,,,,,,,,,,,,,,,,,,,,,,,,,,,,,,,,,,,,,,,,,,,,,,,,,,,,,,,,,,,,,,,,,,,,,,,,,,,
,,2014 - 2015,,,,491,6000000,12219.96,4002,393918,98.43,,,,,,,,,,,,,551,11725,21.28,,,,,,,,,,,,,,,,,,,,,,,,,,,,,,,,,,,,,,,,,,,,,,,,,,,,,,,,,,,,,,,,,,,,,,,,,,,
,,2015 - 2016,,,,498,5976000,12000,1896,195847,103.29,,,,,,,,,,,,,726,19065,26.26,,,,,,,,,,,,,,,,,,,,,,,,,,,,,,,,,,,,,,,,,,,,,,,,,,,,,,,,,,,,,,,,,,,,,,,,,,,
,,2016 - 2017,,,,466,6400000,13733.91,1184,114425,96.64,,,,,,,,,,,,,813,21919,26.96,,,,,,,,,,,,,,,,,,,,,,,,,,,,,,,,,,,,,,,,,,,,,,,,,,,,,,,,,,,,,,,,,,,,,,,,,,,
,,2017 - 2018,,,,406,5700000,14039.41,962,99086,103,,,,,,,,,,,,,763,92700,121.49,,,,,,,,,,,,,,,,,,,,,,,,,,,,,,,,,,,,,,,,,,,,,,,,,,,,,,,,,,,,,,,,,,,,,,,,,,,
,,2018 - 2019,,,,376,6600000,17553.19,,,,,,,,,,,,,,,,670,96720,144.36,,,,,,,,,,,,,,,,,,,,,,,,,,,,,,,,,,,,,,,,,,,,,,,,,,,,,,,,,,,,,,,,,,,,,,,,,,,
,,2019 - 2020,,,,390,7176000,18400,,,,,,,,,,,,,,,,962,57720,60,,,,,,,,,,,,,,,,,,,,,,,,,,,,,,,,,,,,,,,,,,,,,,,,,,,,,,,,,,,,,,,,,,,,,,,,,,,
,,2020 - 2021,,,,335,5863000,17501.49,,,,,,,,,,,,,,,,,,,,,,,,,,,,,,,,,,,,,,,,,,,,,,,,,,,,,,,,,,,,,,,,,,,,,,,,,,,,,,,,,,,,,,,,,,,,,
,,2021 - 2022,,,,343,6298000,18361.52,,,,,,,,,,,,,,,,,,,,,,,,,,,,,,,,,,,,,,,,,,,,,,,,,,,,,,,,,,,,,,,,,,,,,,,,,,,,,,,,,,,,,,,,,,,,,
,,2022 - 2023,,,,364,6669000,18321.43,,,,,,,,,,,,,,,,,,,,,,,,,,,,,,,,,,,,,,,,,,,,,,,,,,,,,,,,,,,,,,,,,,,,,,,,,,,,,,,,,,,,,,,,,,,,,
,21. Sri sathya sai,2022 - 2023,,,,387,7090000,18320.41,,,,,,,,,,,,,,,,,,,,,,,,,,,,,,,,,,,,,,,,,,,,,,,,,,,,,,,,,,,,,,,,,,,,,,,,,,,,,,,,,,,,,,,,,,,,,
,22. Srikakulam,1998 - 1999,,,,,,,6900,478000,69.28,,,,,,,,,,,,,,,,,,,,,,,,,,,,,,,,,,,,,,,,,,,,,,,,,,,,,,,,,,,,,,,,,,,,,,,,,,,,,,,,,,,,,,,,,,
,,1999 - 2000,,,,,,,3956,320608,81.04,,,,3249,5269,1.62,1404,27488,19.58,,,,,,,,,,,,,,,,,,,,,,,,,,,,,,,,,,,,,,,,,,,,,,,,,,,,,,,,,,,,,,,,,,,,,,,,,,,,,,,,,
,,2000 - 2001,,,,13576,99117270,7300.92,2733,207156,75.8,44,103,2.34,,,,,,,,,,1226,17335,14.14,,,,7,60,8.57,52,703,13.52,265,1190,4.49,,,,,,,,,,,,,,,,,,,,,,,,,,,,,,,,,,,,,,,,18571,6339,0.34,191,1462,7.65,,,,,,,,,,144,273,1.9,,,,,,
,,2001 - 2002,,,,13645,131830848,9661.48,6631,540035,81.44,40,59,1.48,,,,,,,,,,1132,14223,12.56,,,,8,52,6.5,42,558,13.29,235,1016,4.32,,,,,,,,,,,,,,,,,,,,,,,,,,,,,,,,,,,,,,,,18901,7965,0.42,252,2085,8.27,,,,,,,,,,131,345,2.63,,,,,,
,,2002 - 2003,,,,13682,112823694,8246.14,3150,207251,65.79,29,65,2.24,,,,,,,,,,765,14829,19.38,,,,,,,47,508,10.81,229,1228,5.36,291,1911,6.57,754,9504,12.6,,,,,,,,,,8466,11763,1.39,,,,299,51,0.17,742,0,0,,,,44,336,7.64,345,2367,6.86,,,,19080,8414,0.44,228,1381,6.06,242,0,0,,,,45,0,0,140,229,1.64,,,,,,
,,2003 - 2004,,,,13709,136160080,9932.17,6835,487281,71.29,35,75,2.14,,,,,,,,,,535,3003,5.61,,,,,,,36,260,7.22,246,1518,6.17,276,1901,6.89,909,27255,29.98,,,,,,,,,,8433,37754,4.48,,,,310,55,0.18,799,0,0,,,,44,380,8.64,344,3331,9.68,,,,19494,7427,0.38,201,1262,6.28,274,0,0,,,,53,0,0,140,398,2.84,,,,,,
,,2004 - 2005,,,,13744,99616798,7248.02,9065,690146,76.13,35,75,2.14,,,,,,,,,,1365,17524,12.84,,,,,,,24,220,9.17,265,2142,8.08,,,,,,,,,,,,,,,,,,,,,,,,,,,,,,,,,,,,,,,,19902,9016,0.45,154,1123,7.29,,,,,,,,,,143,391,2.73,,,,,,
,,2005 - 2006,,,,13749,108020616,7856.62,11004,801883,72.87,58,158,2.72,,,,,,,,,,1174,19700,16.78,,,,,,,43,418,9.72,261,1637,6.27,,,,,,,,,,,,,,,,,,,,,,,,,,,,,,,,,,,,,2042,2318,1.14,20240,8152,0.4,189,1560,8.25,,,,,,,,,,139,383,2.76,,,,,,
,,2006 - 2007,,,,14228,124788642,8770.64,12171,926116,76.09,70,165,2.36,,,,,,,,,,2131,42401,19.9,,,,,,,26,280,10.77,267,1570,5.88,,,,,,,,,,,,,,,,,,,,,,,,,,,,,,,,,,,,,3498,2844,0.81,20943,7226,0.35,189,2005,10.61,,,,,,,,,,139,391,2.81,,,,,,
,,2007 - 2008,,,,,,,11000,778000,70.73,,,,,,,,,,,,,,,,,,,,,,,,,,,,,,,,,,,,,,,,,,,,,,,,,,,,,,,,,,,,,,,,,,,,,,,,,,,,,,,,,,,,,,,,,,
,,2008 - 2009,,,,14615,110893120,7587.62,7139,548044,76.77,112,308,2.75,,,,,,,,,,1977,40766,20.62,11,11,1,,,,106,1442,13.6,251,1725,6.87,,,,,,,,,,,,,,,,,,,,,,,,,,,,,,,,,,,,,2784,2817,1.01,22971,5972,0.26,200,644,3.22,,,,,,,,,,139,292,2.1,,,,,,
,,2009 - 2010,,,,14619,142645888,9757.57,4028,287640,71.41,97,238,2.45,,,,,,,,,,1404,32323,23.02,,,,,,,40,305,7.63,231,1440,6.23,,,,,,,,,,,,,,,,,,,,,,,,,,,,,,,,,,,,,2466,2404,0.97,22971,9165,0.4,201,630,3.13,,,,,,,,,,83,162,1.95,,,,,,
,,2010 - 2011,,,,14619,147532000,10091.8,3176,180905,56.96,105,337,3.21,,,,,,,,,,853,21745,25.49,,,,,,,50,641,12.82,200,1221,6.11,,,,,,,,,,,,,,,,,,,,,,,,,,,,,,,,,,,,,3599,4474,1.24,23355,8442,0.36,132,384,2.91,,,,,,,,,,76,709,9.33,,,,,,
,,2011 - 2012,,,,14636,169696800,11594.48,7862,548950,69.82,50,172,3.44,,,,,,,,,,2039,54319,26.64,,,,,,,60,771,12.85,227,1704,7.51,,,,,,,,,,,,,,,,,,,,,,,,,,,,,,,,,,,,,2691,2852,1.06,23897,8700,0.36,72,414,5.75,,,,,,,,,,76,702,9.24,,,,1,2,2
,,2012 - 2013,,,,14421,306951000,21285,7000,492000,70.29,,,,,,,,,,,,,,,,,,,,,,,,,,,,,,,,,,,,,,,,,,,,,,,,,,,,,,,,,,,,,,,,,,,,,,,,,,,,,,,,,,,,,,,,,,
,,2013 - 2014,,,,13812,249859000,18089.99,5682,395814,69.66,,,,,,,,,,,,,2422,47549,19.63,,,,,,,,,,,,,,,,,,,,,,,,,,,,,,,,,,,,,,,,,,,,,,,,,,,,,,,,,,,,,,,,,,,,,,,,,,,
,,2014 - 2015,,,,13811,167800000,12149.74,6378,435708,68.31,,,,,,,,,,,,,2487,798,0.32,,,,,,,,,,,,,,,,,,,,,,,,,,,,,,,,,,,,,,,,,,,,,,,,,,,,,,,,,,,,,,,,,,,,,,,,,,,
,,2015 - 2016,,,,14753,175100000,11868.77,6117,473532,77.41,,,,,,,,,,,,,2349,50569,21.53,,,,,,,,,,,,,,,,,,,,,,,,,,,,,,,,,,,,,,,,,,,,,,,,,,,,,,,,,,,,,,,,,,,,,,,,,,,
,,2016 - 2017,,,,14777,203900000,13798.47,5645,444538,78.75,,,,,,,,,,,,,1682,55762,33.15,,,,,,,,,,,,,,,,,,,,,,,,,,,,,,,,,,,,,,,,,,,,,,,,,,,,,,,,,,,,,,,,,,,,,,,,,,,
,,2017 - 2018,,,,14508,98700000,6803.14,5336,448802,84.11,,,,,,,,,,,,,1561,188220,120.58,,,,,,,,,,,,,,,,,,,,,,,,,,,,,,,,,,,,,,,,,,,,,,,,,,,,,,,,,,,,,,,,,,,,,,,,,,,
2018 - 2019,,,,,14706,209700000,14259.49,,,,,,,,,,,,,,,,1659,188220,113.45,,,,,,,,,,,,,,,,,,,,,,,,,,,,,,,,,,,,,,,,,,,,,,,,,,,,,,,,,,,,,,,,,,,,,,,,,,,,
2019 - 2020,,,,,14735,108199000,7342.99,,,,,,,,,,,,,,,,3152,189120,60,,,,,,,,,,,,,,,,,,,,,,,,,,,,,,,,,,,,,,,,,,,,,,,,,,,,,,,,,,,,,,,,,,,,,,,,,,,,
2020 - 2021,,,,,15066,108641000,7211,,,,,,,,,,,,,,,,,,,,,,,,,,,,,,,,,,,,,,,,,,,,,,,,,,,,,,,,,,,,,,,,,,,,,,,,,,,,,,,,,,,,,,,,,,,,,,
2021 - 2022,,,,,15010,77151000,5139.97,,,,,,,,,,,,,,,,,,,,,,,,,,,,,,,,,,,,,,,,,,,,,,,,,,,,,,,,,,,,,,,,,,,,,,,,,,,,,,,,,,,,,,,,,,,,,,
2022 - 2023,,,,,14976,147274000,9834,,,,,,,,,,,,,,,,,,,,,,,,,,,,,,,,,,,,,,,,,,,,,,,,,,,,,,,,,,,,,,,,,,,,,,,,,,,,,,,,,,,,,,,,,,,,,,
23. Tirupati,2022 - 2023,,,,172,3151000,18319.77,,,,,,,,,,,,,,,,,,,,,,,,,,,,,,,,,,,,,,,,,,,,,,,,,,,,,,,,,,,,,,,,,,,,,,,,,,,,,,,,,,,,,,,,,,,,,,
24. Visakhapatanam,1998 - 1999,,,,,,,42300,1844300,43.6,1400,3200,2.29,,,,,,,,,,,,,,,,,,,,,,,,,,,,,,,,,,,,,,,,,,,,,,,,,,,,,,,,,,,,,,,,,,,,,,,,,,,,,,,,,,,,,,,,
,1999 - 2000,,,,,,,42490,2352119,55.36,554,557,1.01,4931,8121,1.65,440,7224,16.42,,,,,,,,,,,,,,,,,,,,,,,,,,,,,,,,,,,,,,,,,,,,,,,,,,,,,,,,,,,,,,,,,,,,,,,,,,,,,,,,,,
,2000 - 2001,,,,7229,60016968,8302.25,42621,2589914,60.77,2993,6021,2.01,,,,,,,,,,2747,50705,18.46,,,,136,1163,8.55,445,1977,4.44,1499,3097,2.07,,,,,,,,,,,,,,,,,,,,,,,,,,,,,,,,,,,,,,,,29540,7313,0.25,554,3005,5.42,,,,,,,,,,1125,2130,1.89,,,,,,,
,2001 - 2002,,,,7232,56150010,7764.11,36135,2167594,59.99,1702,2598,1.53,,,,,,,,,,2431,18798,7.73,,,,173,1117,6.46,428,2069,4.83,1538,3136,2.04,,,,,,,,,,,,,,,,,,,,,,,,,,,,,,,,,,,,,,,,29675,14486,0.49,447,2467,5.52,,,,,,,,,,1158,3047,2.63,,,,,,,
,2002 - 2003,,,,7230,30987756,4286,44085,1588904,36.04,1293,3636,2.81,,,,,,,,,,1594,27219,17.08,,,,161,1398,8.68,177,353,1.99,1551,4473,2.88,600,2077,3.46,1327,13012,9.81,31,137,4.42,16,0,0,,,,16015,87942,5.49,61,1085,17.79,147,158,1.07,1476,0,0,,,,191,1445,7.57,1294,11808,9.13,,,,31179,3802,0.12,407,2050,5.04,75,0,0,,,,37,0,0,1167,1908,1.63,,,,,,,
,2003 - 2004,,,,7045,45965248,6524.52,38962,1984023,50.92,1803,3447,1.91,,,,,,,,,,1452,17908,12.33,,,,201,1875,9.33,196,1417,7.23,2073,5075,2.45,691,3839,5.56,1615,20084,12.44,30,164,5.47,19,0,0,,,,15708,38840,2.47,61,929,15.23,139,119,0.86,1956,0,0,,,,157,1364,8.69,1552,14964,9.64,,,,31045,16996,0.55,307,1927,6.28,76,0,0,,,,31,0,0,868,2466,2.84,,,,,,,
,2004 - 2005,,,,6928,56971676,8223.39,41522,2119283,51.04,1466,2939,2,,,,,,,,,,1508,32706,21.69,,,,181,1791,9.9,149,369,2.48,1678,8133,4.85,,,,,,,,,,,,,,,,,,,,,,,,,,,,,,,,,,,,,,,,32611,6204,0.19,522,2400,4.6,,,,,,,,,,840,2294,2.73,,,,,,,
,2005 - 2006,,,,6979,62196030,8911.88,41535,2043854,49.21,1335,3456,2.59,,,,,,,,,,1484,21692,14.62,,,,138,1351,9.79,157,404,2.57,1530,4428,2.89,,,,,,,,,,,,,,,,,,,,,,,,,,,,,,,,,,,,,77,87,1.13,32029,7239,0.23,356,1417,3.98,,,,,,,,,,812,2236,2.75,,,,,,,
,2006 - 2007,,,,6924,80139794,11574.2,42589,2491286,58.5,925,1993,2.15,,,,,,,,,,1609,12177,7.57,,,,134,1134,8.46,128,334,2.61,1530,3657,2.39,,,,,,,,,,,,,,,,,,,,,,,,,,,,,,,,,,,,,213,171,0.8,30626,10188,0.33,298,1155,3.88,,,,,,,,,,812,2283,2.81,,,,,,,
,2007 - 2008,,,,,,,41000,2554000,62.29,1000,1000,1,,,,,,,,,,,,,,,,,,,,,,,,,,,,,,,,,,,,,,,,,,,,,,,,,,,,,,,,,,,,,,,,,,,,,,,,,,,,,,,,,,,,,,,,
,2008 - 2009,,,,7528,81264760,10795,38998,2201279,56.45,1154,2926,2.54,,,,,,,,,,1271,13108,10.31,30,29,0.97,95,857,9.02,152,394,2.59,1583,3483,2.2,,,,,,,,,,,,,,,,,,,,,,,,,,,,,,,,,,,,,350,354,1.01,32516,7855,0.24,251,915,3.65,,,,,,,,,,619,1518,2.45,,,,,,,
,2009 - 2010,,,,7377,82932234,11242,40038,1845668,46.1,999,2244,2.25,,,,,,,,,,1005,29626,29.48,,,,36,311,8.64,68,167,2.46,1509,3632,2.41,,,,,,,,,,,,,,,,,,,,,,,,,,,,,,,,,,,,,282,274,0.97,32264,8825,0.27,235,893,3.8,,,,,,,,,,432,842,1.95,,,,,,,
,2010 - 2011,,,,7763,69287000,8925.29,38819,2221674,57.23,495,1361,2.75,,,,,,,,,,1182,18459,15.62,,,,96,1076,11.21,121,1549,12.8,1935,4882,2.52,,,,,,,,,,,,,,,,,,,,,,,,,,,,,,,,,,,,,408,507,1.24,31731,6821,0.21,216,1422,6.58,,,,,,,,,,601,1613,2.68,,,,,,,
,2011 - 2012,,,,7054,72295470,10248.86,37862,2152876,56.86,580,1847,3.18,,,,,,,,,,1355,22833,16.85,,,,46,462,10.04,95,1222,12.86,1957,4450,2.27,,,,,,,,,,,,,,,,,,,,,,,,,,,,,,,,,,,,,547,568,1.04,33639,3621,0.11,176,2251,12.79,,,,,,,,,,586,1448,2.47,,,,,,,
,2012 - 2013,,,,6116,99838000,16324.07,38000,2072000,54.53,,,,,,,,,,,,,,,,,,,,,,,,,,,,,,,,,,,,,,,,,,,,,,,,,,,,,,,,,,,,,,,,,,,,,,,,,,,,,,,,,,,,,,,,,,,
,2013 - 2014,,,,5999,76721000,12788.96,37603,2103656,55.94,,,,,,,,,,,,,1409,27661,19.63,,,,,,,,,,,,,,,,,,,,,,,,,,,,,,,,,,,,,,,,,,,,,,,,,,,,,,,,,,,,,,,,,,,,,,,,,,,,
,2014 - 2015,,,,7416,130500000,17597.09,37535,1814054,48.33,,,,,,,,,,,,,1801,38325,21.28,,,,,,,,,,,,,,,,,,,,,,,,,,,,,,,,,,,,,,,,,,,,,,,,,,,,,,,,,,,,,,,,,,,,,,,,,,,,
,2015 - 2016,,,,7300,102200000,14000,35885,2011535,56.06,,,,,,,,,,,,,1265,30390,24.02,,,,,,,,,,,,,,,,,,,,,,,,,,,,,,,,,,,,,,,,,,,,,,,,,,,,,,,,,,,,,,,,,,,,,,,,,,,,
,2016 - 2017,,,,7548,104200000,13804.98,32364,1908343,58.96,,,,,,,,,,,,,1162,36896,31.75,,,,,,,,,,,,,,,,,,,,,,,,,,,,,,,,,,,,,,,,,,,,,,,,,,,,,,,,,,,,,,,,,,,,,,,,,,,,
,2017 - 2018,,,,7226,113200000,15665.65,32153,1847660,57.46,,,,,,,,,,,,,1234,110400,89.47,,,,,,,,,,,,,,,,,,,,,,,,,,,,,,,,,,,,,,,,,,,,,,,,,,,,,,,,,,,,,,,,,,,,,,,,,,,,
,2018 - 2019,,,,7359,106000000,14404.13,,,,,,,,,,,,,,,,1169,110400,94.44,,,,,,,,,,,,,,,,,,,,,,,,,,,,,,,,,,,,,,,,,,,,,,,,,,,,,,,,,,,,,,,,,,,,,,,,,,,,
,2019 - 2020,17215,17215,1,7420,98612000,13290.03,,,,,,,,,,,,,,,,1383,82980,60,,,,,,,,,,,,,,,,,,,,,,,,,,,,,,,,,,,,,,,,,,,,,,,,,,,,,,,,,,,,,,,,,,,,,,,,,,,,
,2020 - 2021,,,,7658,104930000,13702.01,,,,,,,,,,,,,,,,,,,,,,,,,,,,,,,,,,,,,,,,,,,,,,,,,,,,,,,,,,,,,,,,,,,,,,,,,,,,,,,,,,,,,,,,,,,,,,
,2021 - 2022,,,,7936,104954000,13225.05,,,,,,,,,,,,,,,,,,,,,,,,,,,,,,,,,,,,,,,,,,,,,,,,,,,,,,,,,,,,,,,,,,,,,,,,,,,,,,,,,,,,,,,,,,,,,,
,2022 - 2023,,,,478,8757000,18320.08,,,,,,,,,,,,,,,,,,,,,,,,,,,,,,,,,,,,,,,,,,,,,,,,,,,,,,,,,,,,,,,,,,,,,,,,,,,,,,,,,,,,,,,,,,,,,,
25. Vizianagaram,1998 - 1999,,,,,,,11600,720800,62.14,2000,3400,1.7,,,,,,,,,,,,,,,,,,,,,,,,,,,,,,,,,,,,,,,,,,,,,,,,,,,,,,,,,,,,,,,,,,,,,,,,,,,,,,,,,,,,,,,,
,1999 - 2000,,,,,,,11231,793278,70.63,296,297,1,3223,5320,1.65,555,9081,16.36,,,,,,,,,,,,,,,,,,,,,,,,,,,,,,,,,,,,,,,,,,,,,,,,,,,,,,,,,,,,,,,,,,,,,,,,,,,,,,,,,,
,2000 - 2001,,,,2962,31704750,10703.83,10184,750054,73.65,1709,3987,2.33,,,,,,,,,,5985,59183,9.89,,,,,,,53,716,13.51,33,148,4.48,,,,,,,,,,,,,,,,,,,,,,,,,,,,,,,,,,,,,,,,8266,1801,0.22,203,1567,7.72,,,,,,,,,,,,,,,,,,,
,2001 - 2002,,,,3102,34298640,11056.94,10614,732143,68.98,1658,2694,1.62,,,,,,,,,,6173,77495,12.55,,,,,,,54,717,13.28,33,143,4.33,,,,,,,,,,,,,,,,,,,,,,,,,,,,,,,,,,,,,,,,9138,2512,0.27,182,1506,8.27,,,,,,,,,,,,,,,,,,,
,2002 - 2003,,,,3169,35663076,11253.73,13400,579550,43.25,1577,3553,2.25,,,,,,,8,12,1.5,4684,97277,20.77,,,,,,,44,475,10.8,63,338,5.37,494,3243,6.56,1167,17197,14.74,1,5,5,21,0,0,,,,34738,60502,1.74,49,879,17.94,116,483,4.16,727,0,0,8,1044,130.5,301,2280,7.57,605,4127,6.82,,,,10741,1335,0.12,226,1368,6.05,147,0,0,,,,102,0,0,8,13,1.63,,,,,,,
,2003 - 2004,,,,3153,37285560,11825.42,13501,668907,49.54,1782,3796,2.13,,,,,,,12,9,0.75,4645,106645,22.96,,,,,,,38,275,7.24,46,284,6.17,566,3898,6.89,1195,19804,16.57,3,18,6,15,0,0,,,,35162,78804,2.24,41,619,15.1,132,506,3.83,626,0,0,2,182,91,287,2485,8.66,553,5329,9.64,,,,11179,2996,0.27,174,1092,6.28,139,0,0,,,,73,0,0,8,23,2.88,,,,,,,
,2004 - 2005,,,,3084,36243114,11751.98,15635,969636,62.02,1673,3565,2.13,,,,,,,,,,5591,136806,24.47,,,,,,,32,293,9.16,35,283,8.09,,,,,,,,,,,,,,,,,,,,,,,,,,,,,,,,,,,,,,,,11434,2445,0.21,156,1138,7.29,,,,,,,,,,16,44,2.75,,,,,,,
,2005 - 2006,,,,3048,26596248,8725.8,18077,893401,49.42,1976,4462,2.26,,,,,,,10,8,0.8,5246,127446,24.29,,,,,,,38,368,9.68,110,690,6.27,,,,,,,,,,,,,,,,,,,,,,,,,,,,,,,,,,,,,2,2,1,11686,3112,0.27,76,627,8.25,,,,,,,,,,14,39,2.79,,,,,,,
,2006 - 2007,,,,3048,39242347,12874.79,20695,1141847,55.18,1241,2688,2.17,,,,,,,10,7,0.7,5137,103233,20.1,,,,,,,38,410,10.79,155,911,5.88,,,,,,,,,,,,,,,,,,,,,,,,,,,,,,,,,,,,,39,32,0.82,11686,3083,0.26,69,732,10.61,,,,,,,,,,34,96,2.82,,,,,,,
,2007 - 2008,,,,,,,22000,1246000,56.64,1000,2000,2,,,,,,,,,,,,,,,,,,,,,,,,,,,,,,,,,,,,,,,,,,,,,,,,,,,,,,,,,,,,,,,,,,,,,,,,,,,,,,,,,,,,,,,,
,2008 - 2009,,,,2992,27323308,9132.12,15900,836945,52.64,1806,4540,2.51,,,,,,,5,5,1,7735,135293,17.49,,,,,,,20,272,13.6,221,1519,6.87,,,,,,,,,,,,,,,,,,,,,,,,,,,,,,,,,,,,,54,55,1.02,14874,4344,0.29,29,360,12.41,,,,,,,,,,33,79,2.39,,,,,,,
,2009 - 2010,,,,3154,35609532,11290.28,12077,614676,50.9,1920,4250,2.21,,,,,,,1,1,1,7755,145608,18.78,,,,,,,15,,0,192,1197,6.23,,,,,,,,,,,,,,,,,,,,,,,,,,,,,,,,,,,,,41,40,0.98,16343,4864,0.3,5,65,13,,,,,,,,,,16,31,1.94,,,,,,,
,2010 - 2011,,,,1909,22643000,11861.18,15208,972574,63.95,1000,2964,2.96,,,,,,,,,,7835,167277,21.35,,,,2,22,11,35,448,12.8,224,1368,6.11,,,,,,,,,,,,,,,,,,,,,,,,,,,,,,,,,,,,,123,153,1.24,16477,3948,0.24,16,105,6.56,,,,,,,,,,28,261,9.32,,,,,,,
,2011 - 2012,,,,2689,37657088,14004.12,16185,1056677,65.29,1344,2459,1.83,,,,,,,1,,0,7433,133645,17.98,,,,,,,26,334,12.85,203,1524,7.51,,,,,,,,,,,,,,,,,,,,,,,,,,,,,,,,,,,,,63,65,1.03,16430,4034,0.25,12,120,10,,,,,,,,,,5,46,9.2,,,,,,,
,2012 - 2013,,,,2549,43552000,17085.92,16000,997000,62.31,1000,3000,3,,,,,,,,,,,,,,,,,,,,,,,,,,,,,,,,,,,,,,,,,,,,,,,,,,,,,,,,,,,,,,,,,,,,,,,,,,,,,,,,,,,,,,,,
,2013 - 2014,,,,2630,43592000,16574.9,16894,1062110,62.87,,,,,,,,,,,,,7124,77367,10.86,,,,,,,,,,,,,,,,,,,,,,,,,,,,,,,,,,,,,,,,,,,,,,,,,,,,,,,,,,,,,,,,,,,,,,106,,0,,,,
,2014 - 2015,,,,2534,27900000,11010.26,14463,875345,60.52,,,,,,,,,,,,,7787,61883,7.95,,,,,,,,,,,,,,,,,,,,,,,,,,,,,,,,,,,,,,,,,,,,,,,,,,,,,,,,,,,,,,,,,,,,,,,,,,,,
,2015 - 2016,,,,2793,27930000,10000,13692,884700,64.61,,,,,,,,,,,,,7337,135595,18.48,,,,,,,,,,,,,,,,,,,,,,,,,,,,,,,,,,,,,,,,,,,,,,,,,,,,,,,,,,,,,,,,,,,,,,,,,,,,
,2016 - 2017,,,,2870,39600000,13797.91,13272,886663,66.81,,,,,,,,,,,,,7099,91371,12.87,,,,,,,,,,,,,,,,,,,,,,,,,,,,,,,,,,,,,,,,,,,,,,,,,,,,,,,,,,,,,,,,,,,,,,,,,,,,
,2017 - 2018,,,,2913,35000000,12015.1,12481,806251,64.6,,,,,,,,,,,,,6666,235920,35.39,,,,,,,,,,,,,,,,,,,,,,,,,,,,,,,,,,,,,,,,,,,,,,,,,,,,,,,,,,,,,,,,,,,,,,,,,,,,
,2018 - 2019,,,,2913,41000000,14074.84,,,,,,,,,,,,,,,,6885,662880,96.28,,,,,,,,,,,,,,,,,,,,,,,,,,,,,,,,,,,,,,,,,,,,,,,,,,,,,,,,,,,,,,,,,,,,,,,,,,,,
,2019 - 2020,,,,2859,40026000,14000,,,,,,,,,,,,,,,,5800,348000,60,,,,,,,,,,,,,,,,,,,,,,,,,,,,,,,,,,,,,,,,,,,,,,,,,,,,,,,,,,,,,,,,,,,,,,,,,,,,
,2020 - 2021,,,,3141,44147000,14055.08,,,,,,,,,,,,,,,,,,,,,,,,,,,,,,,,,,,,,,,,,,,,,,,,,,,,,,,,,,,,,,,,,,,,,,,,,,,,,,,,,,,,,,,,,,,,,,
,2021 - 2022,,,,3079,52700000,17115.95,,,,,,,,,,,,,,,,,,,,,,,,,,,,,,,,,,,,,,,,,,,,,,,,,,,,,,,,,,,,,,,,,,,,,,,,,,,,,,,,,,,,,,,,,,,,,,
,2022 - 2023,,,,3250,58812000,18096,,,,,,,,,,,,,,,,,,,,,,,,,,,,,,,,,,,,,,,,,,,,,,,,,,,,,,,,,,,,,,,,,,,,,,,,,,,,,,,,,,,,,,,,,,,,,,
26. West godavari,1998 - 1999,,,,,,,29000,2321300,80.04,29200,42400,1.45,,,,,,,,,,,,,,,,,,,,,,,,,,,,,,,,,,,,,,,,,,,,,,,,,,,,,,,,,,,,,,,,,,,,,,,,,,,,,,,,,,,,,,,,
,1999 - 2000,,,,,,,30006,2892444,96.4,20308,22339,1.1,4488,6500,1.45,,,,,,,,,,,,,,,,,,,,,,,,,,,,,,,,,,,,,,,,,,,,,,,,,,,,,,,,,,,,,,,,,,,,,,,,,,,,,,,,,,,,,
,2000 - 2001,,,,21657,250628448,11572.63,38177,2765821,72.45,7168,15648,2.18,,,,,,,,,,8081,116102,14.37,,,,,,,28,379,13.54,615,2761,4.49,,,,,,,,,,,,,,,,,,,,,,,,,,,,,,,,,,,,,,,,42702,8824,0.21,32,245,7.66,,,,,,,,,,,,,,,,,,,
,2001 - 2002,,,,22287,208041750,9334.67,32855,3070267,93.45,22186,31477,1.42,,,,,,,,,,8264,99790,12.08,,,,,,,13,173,13.31,263,1137,4.32,,,,,,,,,,,,,,,,,,,,,,,,,,,,,,,,,,,,,,,,42195,6854,0.16,,,,,,,,,,,,,,,,,,,,,,
,2002 - 2003,,,,22093,224101800,10143.57,34992,2915988,83.33,19418,31870,1.64,,,,,,,,,,5547,123149,22.2,,,,,,,11,119,10.82,254,1362,5.36,669,1511,2.26,1258,16639,13.23,2893,5926,2.05,175,0,0,,,,20000,93638,4.68,199,3534,17.76,644,2579,4,2099,0,0,15,1957,130.47,633,2443,3.86,317,2381,7.51,,,,42464,2482,0.06,2,12,6,36,0,0,,,,43,0,0,,,,,,,,,,
,2003 - 2004,,,,21985,226058352,10282.39,32723,2991438,91.42,21385,29953,1.4,,,,,,,9,6,0.67,5712,24247,4.24,,,,,,,24,173,7.21,219,1351,6.17,744,1667,2.24,1224,15643,12.78,2819,3450,1.22,265,0,0,,,,19342,66887,3.46,205,3111,15.18,618,2966,4.8,2492,0,0,23,2089,90.83,551,11931,21.65,310,3058,9.86,,,,41674,6068,0.15,,,,24,0,0,,,,33,0,0,,,,,,,,,,
,2004 - 2005,,,,21868,249596424,11413.77,33640,3030493,90.09,18118,25840,1.43,,,,,,,,,,6051,156479,25.86,,,,,,,20,183,9.15,274,2215,8.08,,,,,,,,,,,,,,,,,,,,,,,,,,,,,,,,,,,,,,,,40257,8934,0.22,,,,,,,,,,,,,,,,,,,,,,
,2005 - 2006,,,,22564,276183360,12240,34369,3087642,89.84,20597,40931,1.99,,,,,,,9,7,0.78,8130,76707,9.44,54,38,0.7,,,,12,116,9.67,429,2690,6.27,,,,,,,,,,,,,,,,,,,,,,,,,,,,,,,,,,,,,2362,2681,1.14,39890,12637,0.32,,,,,,,,,,,,,1,3,3,,,,,,,
,2006 - 2007,,,,22664,383806080,16934.61,36365,3329761,91.56,21129,38374,1.82,,,,,,,9,6,0.67,7427,144648,19.48,,,,,,,1,11,11,357,2099,5.88,,,,,,,,,,,,,,,,,,,,,,,,,,,,,,,,,,,,,2118,1721,0.81,38718,7136,0.18,,,,,,,,,,,,,8,22,2.75,,,,,,,
,2007 - 2008,,,,,,,35000,3331000,95.17,22000,47000,2.14,,,,,,,,,,,,,,,,,,,,,,,,,,,,,,,,,,,,,,,,,,,,,,,,,,,,,,,,,,,,,,,,,,,,,,,,,,,,,,,,,,,,,,,,
,2008 - 2009,,,,22435,177186204,7897.76,29394,2981148,101.42,29053,55748,1.92,,,,,,,9,9,1,7334,142470,19.43,,,,,,,42,571,13.6,106,728,6.87,,,,,,,,,,,,,,,,,,,,,,,,,,,,,,,,,,,,,2340,2368,1.01,36541,15737,0.43,55,683,12.42,,,,,,,,,,,,,,,,,,,
,2009 - 2010,,,,20504,289443441,14116.44,20329,2027847,99.75,29229,56548,1.93,,,,,,,9,9,1,7631,219223,28.73,,,,,,,2,26,13,143,891,6.23,,,,,,,,,,,,,,,,,,,,,,,,,,,,,,,,,,,,,4049,3948,0.98,24633,6182,0.25,18,235,13.06,,,,,,,,,,,,,,,,,,,
,2010 - 2011,,,,20437,292704000,14322.26,26564,2546933,95.88,28168,52357,1.86,,,,,,,20,9,0.45,8420,212967,25.29,,,,,,,,,,302,1844,6.11,,,,,,,,,,,,,,,,,,,,,,,,,,,,,,,,,,,,,688,855,1.24,23379,5700,0.24,83,547,6.59,,,,,,,,,,2,19,9.5,,,,,,,
,2011 - 2012,,,,20551,343423125,16710.77,27054,2506788,92.66,25908,47275,1.82,,,,,,,,,,10098,348290,34.49,,,,,,,,,,897,6735,7.51,,,,,,,,,,,,,,,,,,,,,,,,,,,,,,,,,,,,,548,581,1.06,22134,10636,0.48,84,840,10,,,,,,,,,,12,111,9.25,,,,,,,
,2012 - 2013,,,,20196,405213000,20064.02,24000,2175000,90.63,27000,47000,1.74,,,,,,,,,,,,,,,,,,,,,,,,,,,,,,,,,,,,,,,,,,,,,,,,,,,,,,,,,,,,,,,,,,,,,,,,,,,,,,,,,,,,,,,,
,2013 - 2014,,,,21355,448904000,21021.03,24026,2214048,92.15,,,,,,,,,,,,,9460,205367,21.71,,,,,,,,,,,,,,,,,,,,,,,,,,,,,,,,,,,,,,,,,,,,,,,,,,,,,,,,,,,,,,,,,,,,,,,,,,,,
,2014 - 2015,,,,21729,320300000,14740.67,19090,1732242,90.74,,,,,,,,,,,,,8618,249870,28.99,,,,,,,,,,,,,,,,,,,,,,,,,,,,,,,,,,,,,,,,,,,,,,,,,,,,,,,,,,,,,,,,,,,,,,,,,,,,
,2015 - 2016,,,,21818,296200000,13575.95,14804,1370472,92.57,,,,,,,,,,,,,7938,259446,32.68,,,,,,,,,,,,,,,,,,,,,,,,,,,,,,,,,,,,,,,,,,,,,,,,,,,,,,,,,,,,,,,,,,,,,,,,,,,,
,2016 - 2017,,,,21258,293400000,13801.86,9098,805391,88.52,,,,,,,,,,,,,8011,330974,41.31,,,,,,,,,,,,,,,,,,,,,,,,,,,,,,,,,,,,,,,,,,,,,,,,,,,,,,,,,,,,,,,,,,,,,,,,,,,,
,2017 - 2018,,,,22947,326300000,14219.72,7951,849499,106.84,,,,,,,,,,,,,8082,950160,117.56,,,,,,,,,,,,,,,,,,,,,,,,,,,,,,,,,,,,,,,,,,,,,,,,,,,,,,,,,,,,,,,,,,,,,,,,,,,,
,2018 - 2019,,,,23546,347700000,14766.84,,,,,,,,,,,,,,,,8069,795300,98.56,,,,,,,,,,,,,,,,,,,,,,,,,,,,,,,,,,,,,,,,,,,,,,,,,,,,,,,,,,,,,,,,,,,,,,,,,,,,
,2019 - 2020,425,425,1,23316,694164000,29772,,,,,,,,,,,,,,,,13125,787500,60,,,,,,,,,,,,,,,,,,,,,,,,,,,,,,,,,,,,,,,,,,,,,,,,,,,,,,,,,,,,,,,,,,,,,,,,,,,,
,2020 - 2021,,,,24423,595433000,24380.01,,,,,,,,,,,,,,,,,,,,,,,,,,,,,,,,,,,,,,,,,,,,,,,,,,,,,,,,,,,,,,,,,,,,,,,,,,,,,,,,,,,,,,,,,,,,,,
,2021 - 2022,,,,26639,743015000,27892,,,,,,,,,,,,,,,,,,,,,,,,,,,,,,,,,,,,,,,,,,,,,,,,,,,,,,,,,,,,,,,,,,,,,,,,,,,,,,,,,,,,,,,,,,,,,,
,2022 - 2023,,,,7585,258793000,34119.05,,,,,,,,,,,,,,,,,,,,,,,,,,,,,,,,,,,,,,,,,,,,,,,,,,,,,,,,,,,,,,,,,,,,,,,,,,,,,,,,,,,,,,,,,,,,,,
