district,mandal,revenue_division
"Alluri Sitharama Raju district","Chintapalle mandal","Chinturu revenue division"
"Alluri Sitharama Raju district","Chintur mandal","Chinturu revenue division"
"Alluri Sitharama Raju district","Etapaka mandal","Chinturu revenue division"
"Alluri Sitharama Raju district","Kunavaram mandal","Chinturu revenue division"
"Alluri Sitharama Raju district","Vararamachandrapuram mandal","Chinturu revenue division"
"Alluri Sitharama Raju district","Ananthagiri mandal","Paderu revenue division"
"Alluri Sitharama Raju district","Araku Valley mandal","Paderu revenue division"
"Alluri Sitharama Raju district","Dumbriguda mandal","Paderu revenue division"
"Alluri Sitharama Raju district","G. Madugula mandal","Paderu revenue division"
"Alluri Sitharama Raju district","Gudem Kotha Veedhi mandal","Paderu revenue division"
"Alluri Sitharama Raju district","Hukumpeta mandal","Paderu revenue division"
"Alluri Sitharama Raju district","Koyyuru mandal","Paderu revenue division"
"Alluri Sitharama Raju district","Paderu mandal","Paderu revenue division"
"Alluri Sitharama Raju district","Peda Bayalu mandal","Paderu revenue division"
"Alluri Sitharama Raju district","Addateegala mandal","Rampachodavaram revenue division"
"Alluri Sitharama Raju district","Devipatnam mandal","Rampachodavaram revenue division"
"Alluri Sitharama Raju district","Gangavaram mandal","Rampachodavaram revenue division"
"Alluri Sitharama Raju district","Maredumilli mandal","Rampachodavaram revenue division"
"Alluri Sitharama Raju district","Munchingi Puttu mandal","Rampachodavaram revenue division"
"Alluri Sitharama Raju district","Rajavommangi mandal","Rampachodavaram revenue division"
"Alluri Sitharama Raju district","Rampachodavaram mandal","Rampachodavaram revenue division"
"Alluri Sitharama Raju district","Y. Ramavaram mandal","Rampachodavaram revenue division"
"Anakapalli district","Anakapalle mandal","Anakapalli revenue division"
"Anakapalli district","Bheemunipatnam mandal","Bheemunipatnam revenue division"
"Anakapalli district","Chodavaram mandal","Anakapalli revenue division"
"Anakapalli district","Devarapalle mandal","Anakapalli revenue division"
"Anakapalli district","Kasimkota mandal","Anakapalli revenue division"
"Anakapalli district","Kotauratla mandal","Narasipatnam revenue division"
"Anakapalli district","Makavarapalem mandal","Narasipatnam revenue division"
"Anakapalli district","Munagapaka mandal","Anakapalli revenue division"
"Anakapalli district","Nakkapalle mandal","Narasipatnam revenue division"
"Anakapalli district","Paravada mandal","Anakapalli revenue division"
"Anakapalli district","Rambilli mandal","Anakapalli revenue division"
"Anakapalli district","Ravikamatham mandal","Narasipatnam revenue division"
"Anakapalli district","Sabbavaram mandal","Anakapalli revenue division"
"Anakapalli district","Sankhavaram mandal","Anakapalli revenue division"
"Anakapalli district","Yelamanchili mandal","Anakapalli revenue division"
"Anantapur district","Agali mandal","Penukonda revenue division"
"Anantapur district","Amarapuram mandal","Penukonda revenue division"
"Anantapur district","Anantapur mandal","Anantapur revenue division"
"Anantapur district","Atmakur mandal","Anantapur revenue division"
"Anantapur district","Bathalapalle mandal","Dharmavaram revenue division"
"Anantapur district","Beluguppa mandal","Kalyanadurg revenue division"
"Anantapur district","Bommanahal mandal","Kalyanadurg revenue division"
"Anantapur district","Brahmasamudram mandal","Kalyanadurg revenue division"
"Anantapur district","Bukkarayasamudram mandal","Anantapur revenue division"
"Anantapur district","Bukkapatnam mandal","Puttaparthi revenue division"
"Anantapur district","Chennekothapalle mandal","Dharmavaram revenue division"
"Anantapur district","Chilamathur mandal","Kadiri revenue division"
"Anantapur district","D.Hirehal mandal","Kalyanadurg revenue division"
"Anantapur district","Dharmavaram mandal","Dharmavaram revenue division"
"Anantapur district","Gandlapenta mandal","Kadiri revenue division"
"Anantapur district","Garladinne mandal","Anantapur revenue division"
"Anantapur district","Gooty mandal","Guntakal revenue division"
"Anantapur district","Gorantla mandal","Puttaparthi revenue division"
"Anantapur district","Gudibanda mandal","Penukonda revenue division"
"Anantapur district","Gummagatta mandal","Kalyanadurg revenue division"
"Anantapur district","Guntakal mandal","Guntakal revenue division"
"Anantapur district","Hindupur mandal","Penukonda revenue division"
"Anantapur district","Kadiri mandal","Kadiri revenue division"
"Anantapur district","Kalyandurg mandal","Kalyanadurg revenue division"
"Anantapur district","Kanaganapalle mandal","Dharmavaram revenue division"
"Anantapur district","Kambadur mandal","Kalyanadurg revenue division"
"Anantapur district","Kanekal mandal","Kalyanadurg revenue division"
"Anantapur district","Kudair mandal","Anantapur revenue division"
"Anantapur district","Kuderu mandal","Anantapur revenue division"
"Anantapur district","Kundurpi mandal","Kalyanadurg revenue division"
"Anantapur district","Lepakshi mandal","Kadiri revenue division"
"Anantapur district","Madakasira mandal","Penukonda revenue division"
"Anantapur district","Mudigubba mandal","Dharmavaram revenue division"
"Anantapur district","Nallacheruvu mandal","Kadiri revenue division"
"Anantapur district","Nallamada mandal","Puttaparthi revenue division"
"Anantapur district","Nambulapulakunta mandal","Kadiri revenue division"
"Anantapur district","Obuladevaracheruvu mandal","Puttaparthi revenue division"
"Anantapur district","Pamidi mandal","Guntakal revenue division"
"Anantapur district","Parigi mandal","Penukonda revenue division"
"Anantapur district","Pedda Vadagur mandal","Guntakal revenue division"
"Anantapur district","Peddapappur mandal","Anantapur revenue division"
"Anantapur district","Penu Konda mandal","Puttaparthi revenue division"
"Anantapur district","Putlur mandal","Anantapur revenue division"
"Anantapur district","Raptadu mandal","Anantapur revenue division"
"Anantapur district","Rayadurg mandal","Kalyanadurg revenue division"
"Anantapur district","Roddam mandal","Penukonda revenue division"
"Anantapur district","Rollapenta mandal","Penukonda revenue division"
"Anantapur district","Settur mandal","Kalyanadurg revenue division"
"Anantapur district","Singanamala mandal","Anantapur revenue division"
"Anantapur district","Somandepalle mandal","Penukonda revenue division"
"Anantapur district","Tadimarri mandal","Dharmavaram revenue division"
"Anantapur district","Tadipatri mandal","Anantapur revenue division"
"Anantapur district","Talupula mandal","Penukonda revenue division"
"Anantapur district","Tanakal mandal","Kadiri revenue division"
"Anantapur district","Uravakonda mandal","Guntakal revenue division"
"Anantapur district","Vajrakarur mandal","Guntakal revenue division"
"Anantapur district","Vidapanakal mandal","Guntakal revenue division"
"Anantapur district","Yellanur mandal","Anantapur revenue division"
"Anantapur district","Yerraguntla mandal","Kadapa revenue division"
"Annamayya district","Badvel mandal","Badvel revenue division"
"Annamayya district","Brahmamgarimattam mandal","Badvel revenue division"
"Annamayya district","Chakrayapet mandal","Pulivendula revenue division"
"Annamayya district","Chapad mandal","Badvel revenue division"
"Annamayya district","Chinnamandem mandal","Rayachoti revenue division"
"Annamayya district","Chitvel mandal","Rajampeta revenue division"
"Annamayya district","Duvvur mandal","Badvel revenue division"
"Annamayya district","Galiveedu mandal","Rayachoti revenue division"
"Annamayya district","Gopavaram mandal","Badvel revenue division"
"Annamayya district","Kalikiri mandal","Madanapalle revenue division"
"Annamayya district","Kamalapuram mandal","Kadapa revenue division"
"Annamayya district","Kodur mandal","Rajampeta revenue division"
"Annamayya district","Lakkireddipalle mandal","Rayachoti revenue division"
"Annamayya district","Muddanur mandal","Jammalamadugu revenue division"
"Annamayya district","Nandalur mandal","Rajampeta revenue division"
"Annamayya district","Obulavaripalle mandal","Rajampeta revenue division"
"Annamayya district","Porumamilla mandal","Badvel revenue division"
"Annamayya district","Pullampeta mandal","Rajampeta revenue division"
"Annamayya district","Rajampet mandal","Rajampeta revenue division"
"Annamayya district","Sidhout mandal","Kadapa revenue division"
"Annamayya district","T Sundupalle mandal","Rajampeta revenue division"
"Annamayya district","Vallur mandal","Kadapa revenue division"
"Annamayya district","Veeraballe mandal","Rajampeta revenue division"
"Annamayya district","Vontimitta mandal","Kadapa revenue division"
"Bapatla district","Bapatla mandal","Bapatla revenue division"
"Bapatla district","Cherukupalle mandal","Repalle revenue division"
"Bapatla district","Duggirala mandal","Tenali revenue division"
"Bapatla district","Karlapalem mandal","Bapatla revenue division"
"Bapatla district","Kollipara mandal","Tenali revenue division"
"Bapatla district","Kolluru mandal","Repalle revenue division"
"Bapatla district","Nizampatnam mandal","Repalle revenue division"
"Bapatla district","Parchur mandal","Bapatla revenue division"
"Bapatla district","Repalle mandal","Repalle revenue division"
"Bapatla district","Sangam mandal","Bapatla revenue division"
"Bapatla district","Tenali mandal","Tenali revenue division"
"Bapatla district","Tsundur mandal","Repalle revenue division"
"Bapatla district","Vemuru mandal","Repalle revenue division"
"Chittoor district","B.Kothakota mandal","Madanapalle revenue division"
"Chittoor district","Chandragiri mandal","Tirupati revenue division"
"Chittoor district","Chittoor mandal","Chittoor revenue division"
"Chittoor district","Gangadhara Nellore mandal","Chittoor revenue division"
"Chittoor district","Gudipala mandal","Chittoor revenue division"
"Chittoor district","Gurramkonda mandal","Rayachoti revenue division"
"Chittoor district","Irala mandal","Chittoor revenue division"
"Chittoor district","K.V.B.Puram mandal","Srikalahasti revenue division"
"Chittoor district","Kalakada mandal","Rayachoti revenue division"
"Chittoor district","Kuppam mandal","Kuppam revenue division"
"Chittoor district","Madanapalle mandal","Madanapalle revenue division"
"Chittoor district","Mulakalacheruvu mandal","Madanapalle revenue division"
"Chittoor district","Narayanavanam mandal","Srikalahasti revenue division"
"Chittoor district","Nimmanapalle mandal","Madanapalle revenue division"
"Chittoor district","Palamaner mandal","Palamaner revenue division"
"Chittoor district","Peddapanjani mandal","Palamaner revenue division"
"Chittoor district","Penumuru mandal","Chittoor revenue division"
"Chittoor district","Pichatur mandal","Srikalahasti revenue division"
"Chittoor district","Pulicherla mandal","Chittoor revenue division"
"Chittoor district","Punganur mandal","Palamaner revenue division"
"Chittoor district","Puthalapattu mandal","Chittoor revenue division"
"Chittoor district","Ramasamudram mandal","Madanapalle revenue division"
"Chittoor district","Satyavedu mandal","Sullurpeta revenue division"
"Chittoor district","Srirangarajapuram mandal","Chittoor revenue division"
"Chittoor district","Thamballapalle mandal","Madanapalle revenue division"
"Chittoor district","Thavanampalle mandal","Chittoor revenue division"
"Chittoor district","Tirupati mandal","Tirupati revenue division"
"Chittoor district","Varadaiahpalem mandal","Sullurpeta revenue division"
"Chittoor district","Vedurukuppam mandal","Chittoor revenue division"
"Chittoor district","Venkatagirikota mandal","Palamaner revenue division"
"Chittoor district","Yerpedu mandal","Srikalahasti revenue division"
"Dr. B.R. Ambedkar Konaseema district","Allavaram mandal","Amalapuram revenue division"
"Dr. B.R. Ambedkar Konaseema district","Amalapuram mandal","Amalapuram revenue division"
"Dr. B.R. Ambedkar Konaseema district","Atreyapuram mandal","Amalapuram revenue division"
"Dr. B.R. Ambedkar Konaseema district","I.Polavaram mandal","Razole revenue division"
"Dr. B.R. Ambedkar Konaseema district","Kajuluru mandal","Amalapuram revenue division"
"Dr. B.R. Ambedkar Konaseema district","Katrenikona mandal","Razole revenue division"
"Dr. B.R. Ambedkar Konaseema district","Kothapalle mandal","Razole revenue division"
"Dr. B.R. Ambedkar Konaseema district","Mandapeta mandal","Razole revenue division"
"Dr. B.R. Ambedkar Konaseema district","Mummidivaram mandal","Razole revenue division"
"Dr. B.R. Ambedkar Konaseema district","P.Gannavaram mandal","Razole revenue division"
"Dr. B.R. Ambedkar Konaseema district","Razole mandal","Razole revenue division"
"Dr. B.R. Ambedkar Konaseema district","Sakhinetipalle mandal","Razole revenue division"
"Dr. B.R. Ambedkar Konaseema district","Uppalaguptam mandal","Razole revenue division"
"East Godavari district","Addateegala mandal","Rampachodavaram revenue division"
"East Godavari district","Ainavilli mandal","Amalapuram revenue division"
"East Godavari district","Alamuru mandal","Ramachandrapuram revenue division"
"East Godavari district","Ambajipeta mandal","Amalapuram revenue division"
"East Godavari district","Anaparthy mandal","Rajahmundry revenue division"
"East Godavari district","Atreyapuram mandal","Amalapuram revenue division"
"East Godavari district","Biccavolu mandal","Ramachandrapuram revenue division"
"East Godavari district","Devipatnam mandal","Rampachodavaram revenue division"
"East Godavari district","Gandepalle mandal","Rampachodavaram revenue division"
"East Godavari district","Gangavaram mandal","Rampachodavaram revenue division"
"East Godavari district","Gokavaram mandal","Rajahmundry revenue division"
"East Godavari district","Jaggampeta mandal","Rajahmundry revenue division"
"East Godavari district","Kadiam mandal","Rajahmundry revenue division"
"East Godavari district","Kapileswarapuram mandal","Ramachandrapuram revenue division"
"East Godavari district","Korukonda mandal","Rajahmundry revenue division"
"East Godavari district","Kothapalle mandal","Rajahmundry revenue division"
"East Godavari district","Kovvur mandal","Rajahmundry revenue division"
"East Godavari district","Mandapeta mandal","Ramachandrapuram revenue division"
"East Godavari district","Maredumilli mandal","Rampachodavaram revenue division"
"East Godavari district","Mummidivaram mandal","Amalapuram revenue division"
"East Godavari district","Nallajerla mandal","Rajahmundry revenue division"
"East Godavari district","P.Gannavaram mandal","Rajahmundry revenue division"
"East Godavari district","Pithapuram mandal","Ramachandrapuram revenue division"
"East Godavari district","Prathipadu mandal","Rajahmundry revenue division"
"East Godavari district","Rajanagaram mandal","Rajahmundry revenue division"
"East Godavari district","Rampachodavaram mandal","Rampachodavaram revenue division"
"East Godavari district","Rangampeta mandal","Rajahmundry revenue division"
"East Godavari district","Ravulapalem mandal","Ramachandrapuram revenue division"
"East Godavari district","Razole mandal","Ramachandrapuram revenue division"
"East Godavari district","Sakhinetipalle mandal","Ramachandrapuram revenue division"
"East Godavari district","Samalkota mandal","Ramachandrapuram revenue division"
"East Godavari district","Seethanagaram mandal","Rajahmundry revenue division"
"East Godavari district","Thallarevu mandal","Ramachandrapuram revenue division"
"East Godavari district","Thondangi mandal","Ramachandrapuram revenue division"
"East Godavari district","Tuni mandal","Ramachandrapuram revenue division"
"East Godavari district","Uppalaguptam mandal","Ramachandrapuram revenue division"
"East Godavari district","Yeleswaram mandal","Rajahmundry revenue division"
"Eluru district","Achanta mandal","Narsapuram revenue division"
"Eluru district","Akividu mandal","Narsapuram revenue division"
"Eluru district","Attili mandal","Eluru revenue division"
"Eluru district","Bhimavaram mandal","Narsapuram revenue division"
"Eluru district","Buttayagudem mandal","Polavaram revenue division"
"Eluru district","Chintalapudi mandal","Polavaram revenue division"
"Eluru district","Devarapalle mandal","Eluru revenue division"
"Eluru district","Dwaraka Tirumala mandal","Polavaram revenue division"
"Eluru district","Eluru mandal","Eluru revenue division"
"Eluru district","Gopalapuram mandal","Polavaram revenue division"
"Eluru district","Iragavaram mandal","Eluru revenue division"
"Eluru district","Jangareddigudem mandal","Polavaram revenue division"
"Eluru district","Kamavarapukota mandal","Polavaram revenue division"
"Eluru district","Koyyalagudem mandal","Polavaram revenue division"
"Eluru district","Kovvur mandal","Eluru revenue division"
"Eluru district","Lingapalem mandal","Polavaram revenue division"
"Eluru district","Mogalthur mandal","Narsapuram revenue division"
"Eluru district","Nallajerla mandal","Eluru revenue division"
"Eluru district","Narsapuram mandal","Narsapuram revenue division"
"Eluru district","Nidadavole mandal","Eluru revenue division"
"Eluru district","Palacoderu mandal","Polavaram revenue division"
"Eluru district","Pentapadu mandal","Eluru revenue division"
"Eluru district","Peravali mandal","Eluru revenue division"
"Eluru district","Polavaram mandal","Polavaram revenue division"
"Eluru district","T.Narasapuram mandal","Narsapuram revenue division"
"Eluru district","Tadepalligudem mandal","Eluru revenue division"
"Eluru district","Tanuku mandal","Narsapuram revenue division"
"Eluru district","Undi mandal","Narsapuram revenue division"
"Eluru district","Undrajavaram mandal","Eluru revenue division"
"Eluru district","Veeravasaram mandal","Narsapuram revenue division"
"Eluru district","Vijayarai mandal","Eluru revenue division"
"Eluru district","Viravalli mandal","Eluru revenue division"
"Guntur district","Amaravathi mandal","Guntur revenue division"
"Guntur district","Bapatla mandal","Bapatla revenue division"
"Guntur district","Bhattiprolu mandal","Guntur revenue division"
"Guntur district","Chebrole mandal","Guntur revenue division"
"Guntur district","Cherukupalle mandal","Repalle revenue division"
"Guntur district","Dachepalle mandal","Guntur revenue division"
"Guntur district","Duggirala mandal","Tenali revenue division"
"Guntur district","Guntur mandal","Guntur revenue division"
"Guntur district","Karlapalem mandal","Bapatla revenue division"
"Guntur district","Kollipara mandal","Tenali revenue division"
"Guntur district","Kolluru mandal","Repalle revenue division"
"Guntur district","Krosuru mandal","Guntur revenue division"
"Guntur district","Machavaram mandal","Guntur revenue division"
"Guntur district","Macherla mandal","Guntur revenue division"
"Guntur district","Mangalagiri mandal","Guntur revenue division"
"Guntur district","Medikonduru mandal","Guntur revenue division"
"Guntur district","Nadendla mandal","Guntur revenue division"
"Guntur district","Nizampatnam mandal","Repalle revenue division"
"Guntur district","Parchur mandal","Bapatla revenue division"
"Guntur district","Pedakakani mandal","Guntur revenue division"
"Guntur district","Pedanandipadu mandal","Guntur revenue division"
"Guntur district","Phirangipuram mandal","Guntur revenue division"
"Guntur district","Prathipadu mandal","Guntur revenue division"
"Guntur district","Repalle mandal","Repalle revenue division"
"Guntur district","Sangam mandal","Bapatla revenue division"
"Guntur district","Sattenapalle mandal","Guntur revenue division"
"Guntur district","Tadepalle mandal","Tenali revenue division"
"Guntur district","Tenali mandal","Tenali revenue division"
"Guntur district","Thadepalle mandal","Guntur revenue division"
"Guntur district","Thullur mandal","Guntur revenue division"
"Guntur district","Tsundur mandal","Repalle revenue division"
"Guntur district","Vemuru mandal","Repalle revenue division"
"Guntur district","Vetapalem mandal","Guntur revenue division"
"Krishna district","A.Konduru mandal","Vijayawada revenue division"
"Krishna district","Agiripalle mandal","Vijayawada revenue division"
"Krishna district","Avanigadda mandal","Machilipatnam revenue division"
"Krishna district","Bantumilli mandal","Machilipatnam revenue division"
"Krishna district","Bapulapadu mandal","Vijayawada revenue division"
"Krishna district","Chandarlapadu mandal","Vijayawada revenue division"
"Krishna district","G.Konduru mandal","Vijayawada revenue division"
"Krishna district","Gampalagudem mandal","Vijayawada revenue division"
"Krishna district","Gannavaram mandal","Vijayawada revenue division"
"Krishna district","Gudivada mandal","Gudivada revenue division"
"Krishna district","Gudlavalleru mandal","Gudivada revenue division"
"Krishna district","Guduru mandal","Gudivada revenue division"
"Krishna district","Ibrahimpatnam mandal","Vijayawada revenue division"
"Krishna district","Jaggayyapeta mandal","Vijayawada revenue division"
"Krishna district","Kanchikacherla mandal","Vijayawada revenue division"
"Krishna district","Kankipadu mandal","Vijayawada revenue division"
"Krishna district","Kaikalur mandal","Gudivada revenue division"
"Krishna district","Koduru mandal","Vijayawada revenue division"
"Krishna district","Kruthivennu mandal","Machilipatnam revenue division"
"Krishna district","Machilipatnam mandal","Machilipatnam revenue division"
"Krishna district","Mopidevi mandal","Machilipatnam revenue division"
"Krishna district","Movva mandal","Gudivada revenue division"
"Krishna district","Mudinepalle mandal","Vijayawada revenue division"
"Krishna district","Musunuru mandal","Vijayawada revenue division"
"Krishna district","Nagayalanka mandal","Machilipatnam revenue division"
"Krishna district","Nandigama mandal","Vijayawada revenue division"
"Krishna district","Nandivada mandal","Gudivada revenue division"
"Krishna district","Nuzvid mandal","Vijayawada revenue division"
"Krishna district","Pamarru mandal","Gudivada revenue division"
"Krishna district","Pedana mandal","Machilipatnam revenue division"
"Krishna district","Penamaluru mandal","Vijayawada revenue division"
"Krishna district","Penuganchiprolu mandal","Vijayawada revenue division"
"Krishna district","Reddigudem mandal","Vijayawada revenue division"
"Krishna district","Thotlavalluru mandal","Vijayawada revenue division"
"Krishna district","Tiruvuru mandal","Vijayawada revenue division"
"Krishna district","Unguturu mandal","Vijayawada revenue division"
"Krishna district","Vatsavai mandal","Vijayawada revenue division"
"Krishna district","Veerullapadu mandal","Vijayawada revenue division"
"Krishna district","Vijayawada mandal","Vijayawada revenue division"
"Krishna district","Vissannapeta mandal","Vijayawada revenue division"
"Krishna district","Vuyyuru mandal","Gudivada revenue division"
"Kurnool district","Adoni mandal","Adoni revenue division"
"Kurnool district","Alur mandal","Adoni revenue division"
"Kurnool district","Aspari mandal","Adoni revenue division"
"Kurnool district","Atmakur mandal","Kurnool revenue division"
"Kurnool district","Banaganapalle mandal","Nandyal revenue division"
"Kurnool district","Bandi Atmakur mandal","Kurnool revenue division"
"Kurnool district","Chagalamarri mandal","Nandyal revenue division"
"Kurnool district","C.Belagal mandal","Kurnool revenue division"
"Kurnool district","Devanakonda mandal","Adoni revenue division"
"Kurnool district","Devaraopet mandal","Kurnool revenue division"
"Kurnool district","Dhone mandal","Nandyal revenue division"
"Kurnool district","Gadivemula mandal","Nandyal revenue division"
"Kurnool district","Gonegandla mandal","Nandyal revenue division"
"Kurnool district","Gudur mandal","Kurnool revenue division"
"Kurnool district","Halaharvi mandal","Kurnool revenue division"
"Kurnool district","Holagunda mandal","Kurnool revenue division"
"Kurnool district","Jupadu Bungalow mandal","Kurnool revenue division"
"Kurnool district","Kallur mandal","Nandyal revenue division"
"Kurnool district","Kodumur mandal","Kurnool revenue division"
"Kurnool district","Koilkuntla mandal","Nandyal revenue division"
"Kurnool district","Kolimigundla mandal","Nandyal revenue division"
"Kurnool district","Kosigi mandal","Adoni revenue division"
"Kurnool district","Kothapalle mandal","Kurnool revenue division"
"Kurnool district","Kowthalam mandal","Adoni revenue division"
"Kurnool district","Krishnagiri mandal","Nandyal revenue division"
"Kurnool district","Kurnool mandal","Kurnool revenue division"
"Kurnool district","Maddikera mandal","Nandyal revenue division"
"Kurnool district","Mantralayam mandal","Adoni revenue division"
"Kurnool district","Miduthur mandal","Kurnool revenue division"
"Kurnool district","Nandavaram mandal","Kurnool revenue division"
"Kurnool district","Nandikotkur mandal","Kurnool revenue division"
"Kurnool district","Orvakal mandal","Nandyal revenue division"
"Kurnool district","Owk mandal","Nandyal revenue division"
"Kurnool district","Pagidyala mandal","Kurnool revenue division"
"Kurnool district","Pamulapadu mandal","Nandyal revenue division"
"Kurnool district","Panyam mandal","Nandyal revenue division"
"Kurnool district","Pattikonda mandal","Adoni revenue division"
"Kurnool district","Peapally mandal","Kurnool revenue division"
"Kurnool district","Pedda Kadubur mandal","Kurnool revenue division"
"Kurnool district","Rudravaram mandal","Nandyal revenue division"
"Kurnool district","Sanjamala mandal","Nandyal revenue division"
"Kurnool district","Sirvel mandal","Nandyal revenue division"
"Kurnool district","Tuggali mandal","Nandyal revenue division"
"Kurnool district","Uyyalawada mandal","Nandyal revenue division"
"Kurnool district","Veldurthi mandal","Nandyal revenue division"
"Kurnool district","Velgode mandal","Nandyal revenue division"
"Kurnool district","Yemmiganur mandal","Adoni revenue division"
"Nandyal district","Allagadda mandal","Allagadda revenue division"
"Nandyal district","Banaganapalle mandal","Nandyal revenue division"
"Nandyal district","Bethamcherla mandal","Nandyal revenue division"
"Nandyal district","Chagalamarri mandal","Nandyal revenue division"
"Nandyal district","Dhone mandal","Nandyal revenue division"
"Nandyal district","Gadivemula mandal","Nandyal revenue division"
"Nandyal district","Gonegandla mandal","Nandyal revenue division"
"Nandyal district","Kallur mandal","Nandyal revenue division"
"Nandyal district","Koilkuntla mandal","Nandyal revenue division"
"Nandyal district","Kolimigundla mandal","Nandyal revenue division"
"Nandyal district","Krishnagiri mandal","Nandyal revenue division"
"Nandyal district","Maddikera mandal","Nandyal revenue division"
"Nandyal district","Nandyal mandal","Nandyal revenue division"
"Nandyal district","Orvakal mandal","Nandyal revenue division"
"Nandyal district","Owk mandal","Nandyal revenue division"
"Nandyal district","Pamulapadu mandal","Nandyal revenue division"
"Nandyal district","Panyam mandal","Nandyal revenue division"
"Nandyal district","Rudravaram mandal","Nandyal revenue division"
"Nandyal district","Sanjamala mandal","Nandyal revenue division"
"Nandyal district","Sirvel mandal","Nandyal revenue division"
"Nandyal district","Tuggali mandal","Nandyal revenue division"
"Nandyal district","Uyyalawada mandal","Nandyal revenue division"
"Nandyal district","Veldurthi mandal","Nandyal revenue division"
"NTR district","A.Konduru mandal","Vijayawada revenue division"
"NTR district","Agiripalle mandal","Vijayawada revenue division"
"NTR district","Bapulapadu mandal","Vijayawada revenue division"
"NTR district","Chandarlapadu mandal","Vijayawada revenue division"
"NTR district","G.Konduru mandal","Vijayawada revenue division"
"NTR district","Gampalagudem mandal","Vijayawada revenue division"
"NTR district","Gannavaram mandal","Vijayawada revenue division"
"NTR district","Gudivada mandal","Gudivada revenue division"
"NTR district","Gudlavalleru mandal","Gudivada revenue division"
"NTR district","Guduru mandal","Gudivada revenue division"
"NTR district","Ibrahimpatnam mandal","Vijayawada revenue division"
"NTR district","Jaggayyapeta mandal","Vijayawada revenue division"
"NTR district","Kanchikacherla mandal","Vijayawada revenue division"
"NTR district","Kankipadu mandal","Vijayawada revenue division"
"NTR district","Koduru mandal","Vijayawada revenue division"
"NTR district","Machilipatnam mandal","Machilipatnam revenue division"
"NTR district","Mopidevi mandal","Machilipatnam revenue division"
"NTR district","Movva mandal","Gudivada revenue division"
"NTR district","Mudinepalle mandal","Vijayawada revenue division"
"NTR district","Musunuru mandal","Vijayawada revenue division"
"NTR district","Nagayalanka mandal","Machilipatnam revenue division"
"NTR district","Nandigama mandal","Vijayawada revenue division"
"NTR district","Nandivada mandal","Gudivada revenue division"
"NTR district","Nuzvid mandal","Vijayawada revenue division"
"NTR district","Pamarru mandal","Gudivada revenue division"
"NTR district","Pedana mandal","Machilipatnam revenue division"
"NTR district","Penamaluru mandal","Vijayawada revenue division"
"NTR district","Penuganchiprolu mandal","Vijayawada revenue division"
"NTR district","Reddigudem mandal","Vijayawada revenue division"
"NTR district","Thotlavalluru mandal","Vijayawada revenue division"
"NTR district","Tiruvuru mandal","Vijayawada revenue division"
"NTR district","Unguturu mandal","Vijayawada revenue division"
"NTR district","Vatsavai mandal","Vijayawada revenue division"
"NTR district","Veerullapadu mandal","Vijayawada revenue division"
"NTR district","Vijayawada mandal","Vijayawada revenue division"
"NTR district","Vissannapeta mandal","Vijayawada revenue division"
"NTR district","Vuyyuru mandal","Gudivada revenue division"
"Palnadu district","Amaravathi mandal","Guntur revenue division"
"Palnadu district","Bhattiprolu mandal","Guntur revenue division"
"Palnadu district","Chebrole mandal","Guntur revenue division"
"Palnadu district","Dachepalle mandal","Guntur revenue division"
"Palnadu district","Guntur mandal","Guntur revenue division"
"Palnadu district","Krosuru mandal","Guntur revenue division"
"Palnadu district","Machavaram mandal","Guntur revenue division"
"Palnadu district","Macherla mandal","Guntur revenue division"
"Palnadu district","Mangalagiri mandal","Guntur revenue division"
"Palnadu district","Medikonduru mandal","Guntur revenue division"
"Palnadu district","Nadendla mandal","Guntur revenue division"
"Palnadu district","Pedakakani mandal","Guntur revenue division"
"Palnadu district","Pedanandipadu mandal","Guntur revenue division"
"Palnadu district","Phirangipuram mandal","Guntur revenue division"
"Palnadu district","Prathipadu mandal","Guntur revenue division"
"Palnadu district","Sattenapalle mandal","Guntur revenue division"
"Palnadu district","Tadepalle mandal","Guntur revenue division"
"Palnadu district","Thadepalle mandal","Guntur revenue division"
"Palnadu district","Thullur mandal","Guntur revenue division"
"Palnadu district","Vetapalem mandal","Guntur revenue division"
"Parvathipuram Manyam district","Bondapalle mandal","Parvathipuram revenue division"
"Parvathipuram Manyam district","Gajapathinagaram mandal","Parvathipuram revenue division"
"Parvathipuram Manyam district","Gurla mandal","Parvathipuram revenue division"
"Parvathipuram Manyam district","Jiyyammavalasa mandal","Parvathipuram revenue division"
"Parvathipuram Manyam district","Komarada mandal","Parvathipuram revenue division"
"Parvathipuram Manyam district","Kurupam mandal","Parvathipuram revenue division"
"Parvathipuram Manyam district","Lakkavarapukota mandal","Parvathipuram revenue division"
"Parvathipuram Manyam district","Mentada mandal","Parvathipuram revenue division"
"Parvathipuram Manyam district","Parvathipuram mandal","Parvathipuram revenue division"
"Parvathipuram Manyam district","Seethanagaram mandal","Parvathipuram revenue division"
"Parvathipuram Manyam district","Vepada mandal","Parvathipuram revenue division"
"Prakasam district","Addanki mandal","Ongole revenue division"
"Prakasam district","Ardhaveedu mandal","Markapur revenue division"
"Prakasam district","Ballikurava mandal","Ongole revenue division"
"Prakasam district","Bestawaripeta mandal","Markapur revenue division"
"Prakasam district","Chimakurthi mandal","Ongole revenue division"
"Prakasam district","Chirala mandal","Chirala revenue division"
"Prakasam district","C.S.Puram mandal","Chirala revenue division"
"Prakasam district","Darsi mandal","Ongole revenue division"
"Prakasam district","Donakonda mandal","Markapur revenue division"
"Prakasam district","Dornala mandal","Markapur revenue division"
"Prakasam district","Giddalur mandal","Markapur revenue division"
"Prakasam district","Gudluru mandal","Ongole revenue division"
"Prakasam district","Hanumanthunipadu mandal","Ongole revenue division"
"Prakasam district","Inkollu mandal","Ongole revenue division"
"Prakasam district","Jangareddigudem mandal","Markapur revenue division"
"Prakasam district","Kandukur mandal","Ongole revenue division"
"Prakasam district","Kanigiri mandal","Markapur revenue division"
"Prakasam district","Karumanchi mandal","Markapur revenue division"
"Prakasam district","Kompalle mandal","Ongole revenue division"
"Prakasam district","Konakanamitla mandal","Markapur revenue division"
"Prakasam district","Korisapadu mandal","Ongole revenue division"
"Prakasam district","Kurichedu mandal","Markapur revenue division"
"Prakasam district","Lingasamudram mandal","Ongole revenue division"
"Prakasam district","Maddipadu mandal","Ongole revenue division"
"Prakasam district","Markapur mandal","Markapur revenue division"
"Prakasam district","Martur mandal","Ongole revenue division"
"Prakasam district","Mundlamuru mandal","Ongole revenue division"
"Prakasam district","Naguluppala Padu mandal","Markapur revenue division"
"Prakasam district","Ongole mandal","Ongole revenue division"
"Prakasam district","Pamur mandal","Markapur revenue division"
"Prakasam district","Parchur mandal","Chirala revenue division"
"Prakasam district","Pedacherlo Palle mandal","Markapur revenue division"
"Prakasam district","Peddaraveedu mandal","Markapur revenue division"
"Prakasam district","Ponnaluru mandal","Ongole revenue division"
"Prakasam district","Pullalacheruvu mandal","Ongole revenue division"
"Prakasam district","Racherla mandal","Ongole revenue division"
"Prakasam district","Santhamaguluru mandal","Ongole revenue division"
"Prakasam district","Santhanuthalapadu mandal","Ongole revenue division"
"Prakasam district","Singarayakonda mandal","Chirala revenue division"
"Prakasam district","Tallur mandal","Ongole revenue division"
"Prakasam district","Tangutur mandal","Ongole revenue division"
"Prakasam district","Tarlupadu mandal","Ongole revenue division"
"Prakasam district","Tripuranthakam mandal","Markapur revenue division"
"Prakasam district","Ulavapadu mandal","Ongole revenue division"
"Prakasam district","Veligandla mandal","Ongole revenue division"
"Prakasam district","Vetapalem mandal","Chirala revenue division"
"Prakasam district","Voletivaripalem mandal","Chirala revenue division"
"Prakasam district","Yerragondapalem mandal","Markapur revenue division"
"Prakasam district","Zarugumilli mandal","Ongole revenue division"
"Sri Potti Sriramulu Nellore district","Allur mandal","Nellore revenue division"
"Sri Potti Sriramulu Nellore district","Ananthasagaram mandal","Nellore revenue division"
"Sri Potti Sriramulu Nellore district","Anumasamudrampeta mandal","Nellore revenue division"
"Sri Potti Sriramulu Nellore district","Atmakur mandal","Atmakur revenue division"
"Sri Potti Sriramulu Nellore district","Balayapalle mandal","Nellore revenue division"
"Sri Potti Sriramulu Nellore district","Bogole mandal","Nellore revenue division"
"Sri Potti Sriramulu Nellore district","Butchireddipalem mandal","Sullurpeta revenue division"
"Sri Potti Sriramulu Nellore district","Chejerla mandal","Nellore revenue division"
"Sri Potti Sriramulu Nellore district","Chittamur mandal","Nellore revenue division"
"Sri Potti Sriramulu Nellore district","Dakkili mandal","Nellore revenue division"
"Sri Potti Sriramulu Nellore district","Doravarisatram mandal","Nellore revenue division"
"Sri Potti Sriramulu Nellore district","Duttalur mandal","Nellore revenue division"
"Sri Potti Sriramulu Nellore district","Gudur mandal","Gudur revenue division"
"Sri Potti Sriramulu Nellore district","Indukurpet mandal","Nellore revenue division"
"Sri Potti Sriramulu Nellore district","Kaluvoya mandal","Nellore revenue division"
"Sri Potti Sriramulu Nellore district","Kandamur mandal","Nellore revenue division"
"Sri Potti Sriramulu Nellore district","Kavali mandal","Kavali revenue division"
"Sri Potti Sriramulu Nellore district","Kodavalur mandal","Nellore revenue division"
"Sri Potti Sriramulu Nellore district","Kondapuram mandal","Nellore revenue division"
"Sri Potti Sriramulu Nellore district","Kota mandal","Nellore revenue division"
"Sri Potti Sriramulu Nellore district","Manubolu mandal","Nellore revenue division"
"Sri Potti Sriramulu Nellore district","Marripadu mandal","Nellore revenue division"
"Sri Potti Sriramulu Nellore district","Muthukur mandal","Nellore revenue division"
"Sri Potti Sriramulu Nellore district","Naidupeta mandal","Sullurpeta revenue division"
"Sri Potti Sriramulu Nellore district","Nellore mandal","Nellore revenue division"
"Sri Potti Sriramulu Nellore district","Ozili mandal","Nellore revenue division"
"Sri Potti Sriramulu Nellore district","Pellakur mandal","Nellore revenue division"
"Sri Potti Sriramulu Nellore district","Podalakur mandal","Nellore revenue division"
"Sri Potti Sriramulu Nellore district","Rapur mandal","Nellore revenue division"
"Sri Potti Sriramulu Nellore district","Sangam mandal","Nellore revenue division"
"Sri Potti Sriramulu Nellore district","Seetharamapuram mandal","Nellore revenue division"
"Sri Potti Sriramulu Nellore district","Sullurpeta mandal","Sullurpeta revenue division"
"Sri Potti Sriramulu Nellore district","Sydapuram mandal","Nellore revenue division"
"Sri Potti Sriramulu Nellore district","Tada mandal","Sullurpeta revenue division"
"Sri Potti Sriramulu Nellore district","Thotapalligudur mandal","Nellore revenue division"
"Sri Potti Sriramulu Nellore district","Udayagiri mandal","Udayagiri revenue division"
"Sri Potti Sriramulu Nellore district","Varikuntapadu mandal","Nellore revenue division"
"Sri Potti Sriramulu Nellore district","Venkatachalam mandal","Nellore revenue division"
"Sri Potti Sriramulu Nellore district","Vinjamur mandal","Nellore revenue division"
"Sri Sathya Sai district","Amadur mandal","Puttaparthi revenue division"
"Sri Sathya Sai district","Bukkapatnam mandal","Puttaparthi revenue division"
"Sri Sathya Sai district","Chilamathur mandal","Kadiri revenue division"
"Sri Sathya Sai district","Gorantla mandal","Puttaparthi revenue division"
"Sri Sathya Sai district","Gudupalle mandal","Puttaparthi revenue division"
"Sri Sathya Sai district","Hindupur mandal","Penukonda revenue division"
"Sri Sathya Sai district","Lepakshi mandal","Kadiri revenue division"
"Sri Sathya Sai district","Madakasira mandal","Penukonda revenue division"
"Sri Sathya Sai district","Mudigubba mandal","Dharmavaram revenue division"
"Sri Sathya Sai district","Nallamada mandal","Puttaparthi revenue division"
"Sri Sathya Sai district","Nambulapulakunta mandal","Kadiri revenue division"
"Sri Sathya Sai district","Obuladevaracheruvu mandal","Puttaparthi revenue division"
"Sri Sathya Sai district","Parigi mandal","Penukonda revenue division"
"Sri Sathya Sai district","Pedda Vadagur mandal","Guntakal revenue division"
"Sri Sathya Sai district","Peddapappur mandal","Anantapur revenue division"
"Sri Sathya Sai district","Penu Konda mandal","Puttaparthi revenue division"
"Sri Sathya Sai district","Putlur mandal","Anantapur revenue division"
"Sri Sathya Sai district","Raptadu mandal","Anantapur revenue division"
"Sri Sathya Sai district","Roddam mandal","Penukonda revenue division"
"Sri Sathya Sai district","Rollapenta mandal","Penukonda revenue division"
"Sri Sathya Sai district","Settur mandal","Kalyanadurg revenue division"
"Sri Sathya Sai district","Somandepalle mandal","Penukonda revenue division"
"Sri Sathya Sai district","Tadimarri mandal","Dharmavaram revenue division"
"Sri Sathya Sai district","Talupula mandal","Penukonda revenue division"
"Sri Sathya Sai district","Tanakal mandal","Kadiri revenue division"
"Sri Sathya Sai district","Uravakonda mandal","Guntakal revenue division"
"Sri Sathya Sai district","Vajrakarur mandal","Guntakal revenue division"
"Sri Sathya Sai district","Vidapanakal mandal","Guntakal revenue division"
"Sri Sathya Sai district","Yellanur mandal","Anantapur revenue division"
"Sri Sathya Sai district","Yerraguntla mandal","Kadapa revenue division"
"Tirupati district","B.Kothakota mandal","Madanapalle revenue division"
"Tirupati district","Chandragiri mandal","Tirupati revenue division"
"Tirupati district","Chittoor mandal","Chittoor revenue division"
"Tirupati district","Gangadhara Nellore mandal","Chittoor revenue division"
"Tirupati district","Gudipala mandal","Chittoor revenue division"
"Tirupati district","Gurramkonda mandal","Rayachoti revenue division"
"Tirupati district","Irala mandal","Chittoor revenue division"
"Tirupati district","K.V.B.Puram mandal","Srikalahasti revenue division"
"Tirupati district","Kalakada mandal","Rayachoti revenue division"
"Tirupati district","Kuppam mandal","Kuppam revenue division"
"Tirupati district","Madanapalle mandal","Madanapalle revenue division"
"Tirupati district","Mulakalacheruvu mandal","Madanapalle revenue division"
"Tirupati district","Narayanavanam mandal","Srikalahasti revenue division"
"Tirupati district","Nimmanapalle mandal","Madanapalle revenue division"
"Tirupati district","Palamaner mandal","Palamaner revenue division"
"Tirupati district","Peddapanjani mandal","Palamaner revenue division"
"Tirupati district","Penumuru mandal","Chittoor revenue division"
"Tirupati district","Pichatur mandal","Srikalahasti revenue division"
"Tirupati district","Pulicherla mandal","Chittoor revenue division"
"Tirupati district","Punganur mandal","Palamaner revenue division"
"Tirupati district","Puthalapattu mandal","Chittoor revenue division"
"Tirupati district","Ramasamudram mandal","Madanapalle revenue division"
"Tirupati district","Satyavedu mandal","Sullurpeta revenue division"
"Tirupati district","Srirangarajapuram mandal","Chittoor revenue division"
"Tirupati district","Thamballapalle mandal","Madanapalle revenue division"
"Tirupati district","Thavanampalle mandal","Chittoor revenue division"
"Tirupati district","Tirupati mandal","Tirupati revenue division"
"Tirupati district","Varadaiahpalem mandal","Sullurpeta revenue division"
"Tirupati district","Vedurukuppam mandal","Chittoor revenue division"
"Tirupati district","Venkatagirikota mandal","Palamaner revenue division"
"Tirupati district","Yerpedu mandal","Srikalahasti revenue division"
"Visakhapatnam district","Anakapalle mandal","Anakapalli revenue division"
"Visakhapatnam district","Araku Valley mandal","Paderu revenue division"
"Visakhapatnam district","Bheemunipatnam mandal","Bheemunipatnam revenue division"
"Visakhapatnam district","Chintapalle mandal","Chinturu revenue division"
"Visakhapatnam district","Chodavaram mandal","Anakapalli revenue division"
"Visakhapatnam district","Devarapalle mandal","Anakapalli revenue division"
"Visakhapatnam district","Dumbriguda mandal","Paderu revenue division"
"Visakhapatnam district","Etapaka mandal","Chinturu revenue division"
"Visakhapatnam district","G. Madugula mandal","Paderu revenue division"
"Visakhapatnam district","Gajapathinagaram mandal","Parvathipuram revenue division"
"Visakhapatnam district","Gudem Kotha Veedhi mandal","Paderu revenue division"
"Visakhapatnam district","Hukumpeta mandal","Paderu revenue division"
"Visakhapatnam district","Kasimkota mandal","Anakapalli revenue division"
"Visakhapatnam district","Kotauratla mandal","Narasipatnam revenue division"
"Visakhapatnam district","Koyyuru mandal","Paderu revenue division"
"Visakhapatnam district","Kunavaram mandal","Chinturu revenue division"
"Visakhapatnam district","Makavarapalem mandal","Narasipatnam revenue division"
"Visakhapatnam district","Munchingi Puttu mandal","Chinturu revenue division"
"Visakhapatnam district","Munagapaka mandal","Anakapalli revenue division"
"Visakhapatnam district","Nakkapalle mandal","Narasipatnam revenue division"
"Visakhapatnam district","Paderu mandal","Paderu revenue division"
"Visakhapatnam district","Paravada mandal","Anakapalli revenue division"
"Visakhapatnam district","Peda Bayalu mandal","Paderu revenue division"
"Visakhapatnam district","Rambilli mandal","Anakapalli revenue division"
"Visakhapatnam district","Ravikamatham mandal","Narasipatnam revenue division"
"Visakhapatnam district","Sabbavaram mandal","Anakapalli revenue division"
"Visakhapatnam district","Sankhavaram mandal","Anakapalli revenue division"
"Visakhapatnam district","Vararamachandrapuram mandal","Chinturu revenue division"
"Visakhapatnam district","Visakhapatnam mandal","Visakhapatnam revenue division"
"Visakhapatnam district","Yelamanchili mandal","Anakapalli revenue division"
"Vizianagaram district","Badangi mandal","Vizianagaram revenue division"
"Vizianagaram district","Bhogapuram mandal","Vizianagaram revenue division"
"Vizianagaram district","Bondapalle mandal","Parvathipuram revenue division"
"Vizianagaram district","Cheepurupalle mandal","Vizianagaram revenue division"
"Vizianagaram district","Denkada mandal","Vizianagaram revenue division"
"Vizianagaram district","Gajapathinagaram mandal","Parvathipuram revenue division"
"Vizianagaram district","Gantyada mandal","Vizianagaram revenue division"
"Vizianagaram district","Garividi mandal","Vizianagaram revenue division"
"Vizianagaram district","Gurla mandal","Parvathipuram revenue division"
"Vizianagaram district","Jami mandal","Vizianagaram revenue division"
"Vizianagaram district","Jiyyammavalasa mandal","Parvathipuram revenue division"
"Vizianagaram district","Kothavalasa mandal","Vizianagaram revenue division"
"Vizianagaram district","Kurupam mandal","Parvathipuram revenue division"
"Vizianagaram district","Lakkavarapukota mandal","Parvathipuram revenue division"
"Vizianagaram district","Merakamudidam mandal","Vizianagaram revenue division"
"Vizianagaram district","Nellimarla mandal","Vizianagaram revenue division"
"Vizianagaram district","Pachipenta mandal","Parvathipuram revenue division"
"Vizianagaram district","Parvathipuram mandal","Parvathipuram revenue division"
"Vizianagaram district","Pusapatirega mandal","Vizianagaram revenue division"
"Vizianagaram district","Ramabhadrapuram mandal","Vizianagaram revenue division"
"Vizianagaram district","Santhakaviti mandal","Vizianagaram revenue division"
"Vizianagaram district","Seethanagaram mandal","Parvathipuram revenue division"
"Vizianagaram district","Srungavarapukota mandal","Vizianagaram revenue division"
"Vizianagaram district","Therlam mandal","Vizianagaram revenue division"
"Vizianagaram district","Vepada mandal","Parvathipuram revenue division"
"Vizianagaram district","Vizianagaram mandal","Vizianagaram revenue division"
"West Godavari district","Achanta mandal","Narsapuram revenue division"
"West Godavari district","Akividu mandal","Narsapuram revenue division"
"West Godavari district","Attili mandal","Eluru revenue division"
"West Godavari district","Bhimavaram mandal","Narsapuram revenue division"
"West Godavari district","Buttayagudem mandal","Polavaram revenue division"
"West Godavari district","Chintalapudi mandal","Polavaram revenue division"
"West Godavari district","Devarapalle mandal","Eluru revenue division"
"West Godavari district","Dwaraka Tirumala mandal","Polavaram revenue division"
"West Godavari district","Eluru mandal","Eluru revenue division"
"West Godavari district","Gopalapuram mandal","Polavaram revenue division"
"West Godavari district","Iragavaram mandal","Eluru revenue division"
"West Godavari district","Jangareddigudem mandal","Polavaram revenue division"
"West Godavari district","Kamavarapukota mandal","Polavaram revenue division"
"West Godavari district","Koyyalagudem mandal","Polavaram revenue division"
"West Godavari district","Kovvur mandal","Eluru revenue division"
"West Godavari district","Lingapalem mandal","Polavaram revenue division"
"West Godavari district","Mogalthur mandal","Narsapuram revenue division"
"West Godavari district","Nallajerla mandal","Eluru revenue division"
"West Godavari district","Narsapuram mandal","Narsapuram revenue division"
"West Godavari district","Nidadavole mandal","Eluru revenue division"
"West Godavari district","Palacoderu mandal","Polavaram revenue division"
"West Godavari district","Pentapadu mandal","Eluru revenue division"
"West Godavari district","Peravali mandal","Eluru revenue division"
"West Godavari district","Polavaram mandal","Polavaram revenue division"
"West Godavari district","T.Narasapuram mandal","Narsapuram revenue division"
"West Godavari district","Tadepalligudem mandal","Eluru revenue division"
"West Godavari district","Tanuku mandal","Narsapuram revenue division"
"West Godavari district","Undi mandal","Narsapuram revenue division"
"West Godavari district","Undrajavaram mandal","Eluru revenue division"
"West Godavari district","Veeravasaram mandal","Narsapuram revenue division"
"West Godavari district","Vijayarai mandal","Eluru revenue division"
"West Godavari district","Viravalli mandal","Eluru revenue division"
"YSR district","C.K. Dinne mandal","Kadapa revenue division"
"YSR district","Chennur mandal","Kadapa revenue division"
"YSR district","Kamalapuram mandal","Kadapa revenue division"
"YSR district","Pendlimarri mandal","Kadapa revenue division"
"YSR district","Vallur mandal","Kadapa revenue division"
"YSR district","Yerraguntla mandal","Kadapa revenue division"
"YSR district","Kadapa mandal","Kadapa revenue division"
"YSR district","Vontimitta mandal","Kadapa revenue division"
"YSR district","Sidhout mandal","Kadapa revenue division"
"YSR district","Jammalamadugu mandal","Jammalamadugu revenue division"
"YSR district","Kondapuram mandal","Jammalamadugu revenue division"
"YSR district","Muddanur mandal","Jammalamadugu revenue division"
"YSR district","Mylavaram mandal","Jammalamadugu revenue division"
"YSR district","Rajupalem mandal","Jammalamadugu revenue division"
"YSR district","Proddatur mandal","Jammalamadugu revenue division"
"YSR district","Peddamudium mandal","Jammalamadugu revenue division"
"YSR district","Chapad mandal","Badvel revenue division"
"YSR district","Khajipet mandal","Badvel revenue division"
"YSR district","Duvvur mandal","Badvel revenue division"
"YSR district","Mydukur mandal","Badvel revenue division"
"YSR district","Atloor mandal","Badvel revenue division"
"YSR district","B.Kodur mandal","Badvel revenue division"
"YSR district","B. Mattam mandal","Badvel revenue division"
"YSR district","Badvel mandal","Badvel revenue division"
"YSR district","Gopavaram mandal","Badvel revenue division"
"YSR district","Kalasapadu mandal","Badvel revenue division"
"YSR district","Porumamilla mandal","Badvel revenue division"
"YSR district","SAKN mandal","Badvel revenue division"
"YSR district","Chakrayapet mandal","Pulivendula revenue division"
"YSR district","Lingala mandal","Pulivendula revenue division"
"YSR district","Pulivendula mandal","Pulivendula revenue division"
"YSR district","Simhadripuram mandal","Pulivendula revenue division"
"YSR district","Thondur mandal","Pulivendula revenue division"
"YSR district","Vempalli mandal","Pulivendula revenue division"
"YSR district","Vemula mandal","Pulivendula revenue division"
"YSR district","V.N. Palli mandal","Pulivendula revenue division"
"Kakinada district","Gollaprolu mandal","Kakinada revenue division"
"Kakinada district","Pithapuram mandal","Kakinada revenue division"
"Kakinada district","U.Kotapalli mandal","Kakinada revenue division"
"Kakinada district","Kakinada Rural mandal","Kakinada revenue division"
"Kakinada district","Kakinada Urban mandal","Kakinada revenue division"
"Kakinada district","Samalkota mandal","Kakinada revenue division"
"Kakinada district","Karapa mandal","Kakinada revenue division"
"Kakinada district","Pedapudi mandal","Kakinada revenue division"
"Kakinada district","Kajuluru mandal","Kakinada revenue division"
"Kakinada district","Thallarevu mandal","Kakinada revenue division"
"Kakinada district","Kotananduru mandal","Peddapuram revenue division"
"Kakinada district","Tuni mandal","Peddapuram revenue division"
"Kakinada district","Thondangi mandal","Peddapuram revenue division"
"Kakinada district","Shankhavaram mandal","Peddapuram revenue division"
"Kakinada district","Prathipadu mandal","Peddapuram revenue division"
"Kakinada district","Yeleswaram mandal","Peddapuram revenue division"
"Kakinada district","Jaggampeta mandal","Peddapuram revenue division"
"Kakinada district","Kirlampudi mandal","Peddapuram revenue division"
"Kakinada district","Peddapuram mandal","Peddapuram revenue division"
"Kakinada district","Gandepalli mandal","Peddapuram revenue division"
"Kakinada district","Rowthulapudi mandal","Peddapuram revenue division"
"Srikakulam district","Srikakulam mandal","Srikakulam revenue division"
"Srikakulam district","Gara mandal","Srikakulam revenue division"
"Srikakulam district","Polaki mandal","Srikakulam revenue division"
"Srikakulam district","Narasannapeta mandal","Srikakulam revenue division"
"Srikakulam district","Amadalavalasa mandal","Srikakulam revenue division"
"Srikakulam district","Sarubujjili mandal","Srikakulam revenue division"
"Srikakulam district","Burja mandal","Srikakulam revenue division"
"Srikakulam district","Ponduru mandal","Srikakulam revenue division"
"Srikakulam district","Etcherla mandal","Srikakulam revenue division"
"Srikakulam district","Laveru mandal","Srikakulam revenue division"
"Srikakulam district","Ranasthalam mandal","Srikakulam revenue division"
"Srikakulam district","G.Sigadam mandal","Srikakulam revenue division"
"Srikakulam district","Jalumuru mandal","Srikakulam revenue division"
"Srikakulam district","Tekkali mandal","Tekkali revenue division"
"Srikakulam district","Kotabommali mandal","Tekkali revenue division"
"Srikakulam district","Santabommali mandal","Tekkali revenue division"
"Srikakulam district","Saravakota mandal","Tekkali revenue division"
"Srikakulam district","Pathapatnam mandal","Tekkali revenue division"
"Srikakulam district","Meliaputti mandal","Tekkali revenue division"
"Srikakulam district","Hiramandalam mandal","Tekkali revenue division"
"Srikakulam district","Kotturu mandal","Tekkali revenue division"
"Srikakulam district","L.N.Peta mandal","Tekkali revenue division"
"Srikakulam district","Nandigam mandal","Palasa revenue division"
"Srikakulam district","Palasa mandal","Palasa revenue division"
"Srikakulam district","Sompeta mandal","Palasa revenue division"
"Srikakulam district","Kavity mandal","Palasa revenue division"
"Srikakulam district","Kanchili mandal","Palasa revenue division"
"Srikakulam district","Ichapuram mandal","Palasa revenue division"
"Srikakulam district","Vajrapukotturu mandal","Palasa revenue division"
"Srikakulam district","Mandasa mandal","Palasa revenue division"
"Annamayya district","Beerangi Kothakota mandal","Madanapalle revenue division"
"Annamayya district","Kalikiri mandal","Madanapalle revenue division"
"Annamayya district","Kurabalakota mandal","Madanapalle revenue division"
"Annamayya district","Madanapalle mandal","Madanapalle revenue division"
"Annamayya district","Mulakalacheruvu mandal","Madanapalle revenue division"
"Annamayya district","Nimmanapalle mandal","Madanapalle revenue division"
"Annamayya district","Peddamandyam mandal","Madanapalle revenue division"
"Annamayya district","Peddathippasamudram mandal","Madanapalle revenue division"
"Annamayya district","Ramasamudram mandal","Madanapalle revenue division"
"Annamayya district","Thamballapalle mandal","Madanapalle revenue division"
"Annamayya district","Valmikipuram mandal","Madanapalle revenue division"
"Annamayya district","Chitvel mandal","Rajampeta revenue division"
"Annamayya district","Nandalur mandal","Rajampeta revenue division"
"Annamayya district","Obulavaripalle mandal","Rajampeta revenue division"
"Annamayya district","Penagalur mandal","Rajampeta revenue division"
"Annamayya district","Pullampeta mandal","Rajampeta revenue division"
"Annamayya district","Railway Koduru mandal","Rajampeta revenue division"
"Annamayya district","Rajampet mandal","Rajampeta revenue division"
"Annamayya district","T. Sundupalle mandal","Rajampeta revenue division"
"Annamayya district","Veeraballi mandal","Rajampeta revenue division"
"Annamayya district","Chinnamandyam mandal","Rayachoti revenue division"
"Annamayya district","Galiveedu mandal","Rayachoti revenue division"
"Annamayya district","Gurramkonda mandal","Rayachoti revenue division"
"Annamayya district","Kalakada mandal","Rayachoti revenue division"
"Annamayya district","Kambhamvaripalle mandal","Rayachoti revenue division"
"Annamayya district","Lakkireddypalli mandal","Rayachoti revenue division"
"Annamayya district","Pileru mandal","Rayachoti revenue division"
"Annamayya district","Ramapuram mandal","Rayachoti revenue division"
"Annamayya district","Rayachoti mandal","Rayachoti revenue division"
"Annamayya district","Sambepalli mandal","Rayachoti revenue division"
"Guntur district","Chebrolu mandal","Tenali revenue division"
"Guntur district","Duggirala mandal","Tenali revenue division"
"Guntur district","Kakumanu mandal","Tenali revenue division"
"Guntur district","Kollipara mandal","Tenali revenue division"
"Guntur district","Mangalagiri mandal","Tenali revenue division"
"Guntur district","Medikonduru mandal","Guntur revenue division"
"Guntur district","Pedakakani mandal","Guntur revenue division"
"Guntur district","Pedanandipadu mandal","Guntur revenue division"
"Guntur district","Phirangipuram mandal","Guntur revenue division"
"Guntur district","Ponnur mandal","Tenali revenue division"
"Guntur district","Prathipadu mandal","Guntur revenue division"
"Guntur district","Tadepalle mandal","Tenali revenue division"
"Guntur district","Tadikonda mandal","Guntur revenue division"
"Guntur district","Tenali mandal","Tenali revenue division"
"Guntur district","Thullur mandal","Guntur revenue division"
"Guntur district","Vatticherukuru mandal","Guntur revenue division"
"Parvathipuram Manyam district","Balijipeta mandal","Parvathipuram revenue division"
"Parvathipuram Manyam district","Bhamini mandal","Palakonda revenue division"
"Parvathipuram Manyam district","Garugubilli mandal","Parvathipuram revenue division"
"Parvathipuram Manyam district","Gummalakshmipuram mandal","Palakonda revenue division"
"Parvathipuram Manyam district","Jiyyammavalasa mandal","Palakonda revenue division"
"Parvathipuram Manyam district","Komarada mandal","Parvathipuram revenue division"
"Parvathipuram Manyam district","Kurupam mandal","Palakonda revenue division"
"Parvathipuram Manyam district","Makkuva mandal","Parvathipuram revenue division"
"Parvathipuram Manyam district","Pachipenta mandal","Parvathipuram revenue division"
"Parvathipuram Manyam district","Palakonda mandal","Palakonda revenue division"
"Parvathipuram Manyam district","Parvathipuram mandal","Parvathipuram revenue division"
"Parvathipuram Manyam district","Salur mandal","Parvathipuram revenue division"
"Parvathipuram Manyam district","Seethampeta mandal","Palakonda revenue division"
"Parvathipuram Manyam district","Seethanagaram mandal","Parvathipuram revenue division"
"Parvathipuram Manyam district","Veeraghattam mandal","Palakonda revenue division" 